nourishment,assistance,emergency
"[[546.31053945  72.74491174  53.49793075 ... -10.3157796    5.28248171
   11.18405647]
 [558.38612845  68.64467079  60.58940045 ...  -8.22433538  12.03786564
   15.11168684]
 [577.35460898  60.56410475  64.0035125  ...  -4.01098876  -1.31675395
    6.43776862]
 ...
 [409.60888374  10.5409948   34.9789455  ...  -4.00358876 -14.91509771
   -0.92056118]
 [405.51253869   1.05813309  35.32079187 ...  -1.73671053   1.66248804
  -15.43915804]
 [397.16409241 -10.02342151  22.70147144 ... -11.12339615 -14.78825214
  -23.82979585]]","[[ 4.61641958e+02  1.39384387e+01  2.68458512e+01 ...  9.86012413e-01
  -2.63363087e+00 -9.67684814e+00]
 [ 4.33376700e+02  5.92838549e+00  2.26718215e+01 ... -1.56823170e+01
  -3.74002432e+00  1.11800889e+01]
 [ 4.28646263e+02  6.12804110e+00  2.37488679e+01 ... -1.26349884e+00
   4.54783589e+00  1.78192580e+01]
 ...
 [ 4.07594647e+02  8.22338208e+00  4.81007934e+01 ...  7.58942006e-02
  -4.63988323e+00  2.38120404e+00]
 [ 4.11854204e+02  1.02046898e+01  5.01812275e+01 ... -9.52302304e-01
  -1.79608101e+00 -3.86354896e+00]
 [ 4.11760820e+02  2.71926900e+00  3.56396056e+01 ...  1.39468648e+01
  -2.61691653e+00  6.21691685e-01]]","[[ 4.94063997e+02 -2.42559506e+01  1.88466553e+01 ...  5.04235780e+00
  -3.98356729e+00  1.70901879e+01]
 [ 5.05065733e+02 -2.41079135e+01  1.41971336e+01 ... -1.89454383e+00
  -1.36318453e+01  6.48297043e+00]
 [ 5.15457829e+02 -2.44915797e+01  1.49289227e+01 ... -8.30217418e+00
  -1.04583111e+01 -1.85479037e+00]
 ...
 [ 6.76011151e+02  3.84459381e+01 -3.50602850e+01 ... -2.33236250e+01
  -1.53741925e+00  3.99704819e-01]
 [ 6.66962949e+02  5.06874657e+01 -4.14090848e+01 ... -2.17442840e+01
  -2.62439321e+00 -2.40016952e+00]
 [ 6.43429276e+02  4.53476923e+01 -3.17100560e+01 ... -2.44761267e+01
  -2.90932761e+00 -5.99046393e-02]]"
"[[ 1.02928113e+03 -1.38338489e+02 -4.69962666e+01 ...  6.44453715e+00
   2.36168054e+00 -1.10042888e+00]
 [ 1.03762794e+03 -1.47309564e+02 -4.87438557e+01 ... -1.19063979e+01
  -1.14671791e+01 -1.07894838e+01]
 [ 1.03088321e+03 -1.29536629e+02 -5.08297865e+01 ... -1.12210155e+01
   2.14189017e+00 -5.36587526e+00]
 ...
 [ 1.03012964e+03 -1.46903668e+02 -4.40405006e+01 ...  9.10324953e+00
   8.41051065e+00  5.45991992e-01]
 [ 1.03787181e+03 -1.18719064e+02 -3.03932597e+01 ... -1.11900960e+01
   3.91908261e-01 -3.87651631e+00]
 [ 1.03442544e+03 -1.18466843e+02 -3.36931725e+01 ...  3.50011607e+00
  -1.52033428e+00 -1.04577777e+01]]","[[ 4.20337208e+02  7.72954898e+00  4.12631169e+01 ... -5.64974948e-01
  -4.14096282e+00 -4.81148677e+00]
 [ 4.14733755e+02  1.70301382e+01  3.86062583e+01 ...  9.70185983e+00
   5.70575711e+00 -9.02640951e-01]
 [ 4.08643735e+02  6.52521644e+00  4.23311413e+01 ...  1.44505940e+01
   4.98683121e-01 -2.71359880e+00]
 ...
 [ 5.09018144e+02  5.71436258e+01  4.82884654e+01 ... -1.35733447e+01
   1.26090464e+01 -1.91490496e+01]
 [ 4.81613992e+02  4.53281521e+01  5.15057964e+01 ... -2.32610878e+01
  -1.52791463e+00 -1.89816259e+01]
 [ 4.64529703e+02  4.23842144e+01  6.35500991e+01 ... -7.69374231e+00
  -1.10173068e+00 -1.14245078e+01]]","[[465.39963167   4.39018633  26.25202232 ...  10.20033892   3.34975267
   -6.61093973]
 [441.5009917    5.90496646  25.67608124 ...  22.78696523  13.61186087
  -11.67126836]
 [442.75508786   3.72831312  26.78448918 ...  21.86697483   9.2597215
   -9.48941958]
 ...
 [469.78854567  -4.63245076  37.62353161 ...  28.8535854   20.74099042
    6.83912359]
 [421.22163816  18.55669214  59.46159646 ...  14.54247126   6.19927983
    9.79084933]
 [419.08376246  20.97147569  55.87194957 ...   3.78794484   2.42763434
   -1.17615862]]"
"[[ 1.02448387e+03 -1.47662897e+02 -3.47429157e+01 ... -8.36698922e+00
  -1.12659285e+01  3.19983404e+00]
 [ 1.02864188e+03 -1.56857829e+02 -3.61393063e+01 ... -5.48732314e+00
  -6.38286799e+00 -2.71611086e+00]
 [ 1.03041915e+03 -1.41533987e+02 -2.64329832e+01 ... -3.07012839e+00
  -2.87887926e+00 -1.51315368e+01]
 ...
 [ 1.04099569e+03 -1.21030712e+02 -3.41431020e+01 ...  1.80703502e+00
  -6.66880053e-01 -4.80756955e+00]
 [ 1.03247999e+03 -1.29671200e+02 -3.87505575e+01 ... -2.25091128e+00
  -5.59187198e+00 -4.87326143e+00]
 [ 1.03818509e+03 -1.32799437e+02 -3.74460458e+01 ... -1.00415582e+01
  -2.96278068e+00 -4.95412640e+00]]","[[ 4.98011634e+02 -1.70474743e+01 -2.69097087e+00 ... -1.50845758e+01
  -1.90475870e+01 -4.96348884e+00]
 [ 5.08214928e+02 -2.42347085e+01 -2.28511857e+01 ... -1.40755877e+01
  -1.29835705e+01 -5.90993596e+00]
 [ 5.03549925e+02 -1.94502221e+01 -1.18292574e+01 ... -1.17387534e+01
  -1.67209290e+01  2.17125784e+00]
 ...
 [ 4.49832024e+02 -1.07591912e+01  3.20113804e+01 ...  1.39990502e+01
   1.95198163e+00 -2.68524972e+00]
 [ 5.76520172e+02  4.07316258e+00 -6.52708895e+01 ...  6.96698071e-01
  -9.72277174e-01 -3.79895196e+00]
 [ 7.28170927e+02  2.68172759e+00 -9.75377176e+01 ...  8.11167894e+00
  -2.45251068e+00  7.95693314e-01]]","[[477.72151489   2.02224456  36.76583797 ...   4.33838587   2.494861
    0.86398506]
 [419.34877293  15.27439378  56.22431474 ...  16.52918655   4.91772281
   -5.07608704]
 [424.34275829  17.04824105  59.73418658 ...   9.74464659   7.67252089
   -3.31636959]
 ...
 [405.88782406   6.70142993  49.96845892 ...  -3.45614048  -1.95079206
    6.69948211]
 [411.56847228   1.4773679   41.0669607  ...   6.06933539   2.83455876
   -3.05868034]
 [412.1108628    3.56560755  47.65796853 ...   2.23924414 -15.12474174
  -10.95561745]]"
"[[ 4.20594075e+02  1.46573065e+01  3.92844798e+01 ...  4.45898425e+00
  -2.52713532e+00 -9.05274947e+00]
 [ 4.00230074e+02  1.32722907e+00  3.96005314e+01 ...  4.61438329e+00
   1.89152478e+00 -7.56452745e+00]
 [ 4.07862316e+02 -5.64123183e+00  2.38401565e+01 ...  4.82046701e+00
   4.81289525e+00 -9.69605468e+00]
 ...
 [ 6.39322608e+02  7.53178843e+01  1.04913337e+01 ...  1.45072349e+01
   1.34111969e+01 -7.02089177e+00]
 [ 6.29871254e+02  7.50310859e+01  2.30696208e+01 ...  1.10889231e+01
   2.10746649e+01 -7.04569697e-01]
 [ 6.11588910e+02  7.06367382e+01  3.37441807e+01 ... -5.12197336e-01
   1.70546381e+01  5.05972793e+00]]","[[421.45660009  -4.07181437  37.37791312 ...  -1.21071647  -8.61779218
   -3.77955604]
 [410.66276858  -9.39110846  44.36685808 ...   7.13130347 -12.6496865
   -8.58971392]
 [401.20045863  -2.61678784  48.70766854 ...   7.29191665  -4.08550725
   -3.09613787]
 ...
 [413.8724877   11.80910935  43.63229358 ...   3.13768419   0.53838312
   -0.91921971]
 [403.41463561   3.51611275  41.99223218 ...   7.04715633  -2.77936589
   -5.56564958]
 [411.78751202  10.93613196  52.88251381 ...  -0.87447979  -8.17648929
  -10.93312095]]","[[ 4.56806105e+02  1.58497000e+01  4.84646326e+01 ...  1.92429489e+01
   1.48876203e+01  1.02170742e+01]
 [ 4.25647631e+02  2.17761875e+01  6.89423997e+01 ...  2.42489303e+01
   1.88159567e+01  4.11415202e+00]
 [ 4.18609229e+02  2.44225022e+01  6.04746292e+01 ...  2.08112668e+01
   1.56011089e+01  5.45608797e+00]
 ...
 [ 4.09164921e+02  1.86182434e+01  4.61202475e+01 ... -3.55843160e-01
  -9.24270733e-01 -5.02551635e+00]
 [ 4.20361056e+02  1.29666311e+01  4.62058071e+01 ... -5.85207937e+00
  -7.27708867e-01 -2.85573532e+00]
 [ 4.19093929e+02  1.53573894e+01  5.32817546e+01 ...  3.56344481e+00
   5.53414892e+00 -4.41558791e+00]]"
"[[ 1.03133308e+03 -1.22407567e+02 -4.37848387e+01 ... -1.11648493e+00
   1.08581363e+01  2.49122667e+00]
 [ 1.03468659e+03 -1.34644308e+02 -3.55780581e+01 ... -9.95555016e+00
   4.97002088e+00 -5.32862142e-01]
 [ 1.03642389e+03 -1.07030890e+02 -2.92979253e+01 ... -6.72319616e+00
   5.15251691e+00 -3.31849164e+00]
 ...
 [ 1.02992477e+03 -1.55394472e+02 -2.44627849e+01 ... -2.41794851e+00
  -9.32898700e+00 -9.08987306e+00]
 [ 1.02807520e+03 -1.49116200e+02 -1.76250679e+01 ... -8.85180048e+00
  -3.74585319e+00  3.63951401e+00]
 [ 1.02148748e+03 -1.57299150e+02 -1.62413171e+01 ... -8.69655752e+00
  -5.10310060e+00 -7.67996276e+00]]","[[ 4.75187778e+02 -5.27142117e+00  1.35894231e+01 ...  2.24135314e+00
   1.75312546e+00 -3.27330274e+00]
 [ 4.34548114e+02  4.70021062e+00  2.94118662e+01 ...  1.60866180e+00
  -8.46283411e+00 -1.12745929e+01]
 [ 4.00125540e+02 -7.36582225e-01  4.49014532e+01 ... -2.59389878e+00
  -4.93119535e+00 -2.65485883e+00]
 ...
 [ 8.79930912e+02 -4.80086002e+01 -1.15712964e+02 ... -1.35498880e+01
   9.70494064e+00 -2.41416784e+01]
 [ 8.81548808e+02 -3.52749342e+01 -1.17628999e+02 ... -1.43157517e+01
   1.08641867e+01 -2.33662437e+01]
 [ 8.77544860e+02 -4.27735838e+01 -1.17215061e+02 ... -1.47521200e+01
   1.00386661e+01 -2.18839749e+01]]","[[422.42247949   8.08529525  30.15658395 ...  -2.70025705  -9.44495348
    1.67375577]
 [422.14494456   7.01312228  27.5035503  ...   2.60760309  -6.84820779
   -4.12394348]
 [412.55909516  -0.47436193  33.3597451  ... -10.98586974 -13.18674733
  -10.40770661]
 ...
 [408.82557297   1.22180963  38.45110781 ...  20.60672906  13.95905703
   -1.06568047]
 [407.02234721  13.97232998  38.48575119 ...   8.46584754   2.32373905
   -3.95334258]
 [407.10946056  18.1970192   49.62223596 ...  15.67046628  12.04304174
    3.04242102]]"
"[[ 1.04631138e+03 -1.30404905e+02 -3.65105834e+01 ...  2.57400665e+00
   1.65113214e+00 -5.14356808e+00]
 [ 1.04767189e+03 -1.23735926e+02 -3.90109781e+01 ... -4.08330242e+00
  -1.13269254e+00  2.14736723e+00]
 [ 1.02635113e+03 -1.36529584e+02 -4.79959591e+01 ...  2.79257610e+00
   6.69517698e+00  2.91512192e+00]
 ...
 [ 1.02603034e+03 -1.33583147e+02 -4.57935823e+01 ...  3.77658726e-01
   8.00484827e+00 -1.69271717e+00]
 [ 1.02178518e+03 -1.53902177e+02 -5.62642265e+01 ... -1.47740897e+01
  -4.18667751e+00 -2.44311284e+00]
 [ 1.02926580e+03 -1.55327341e+02 -5.04694382e+01 ... -8.45899687e+00
  -3.74369131e+00 -8.63072634e+00]]","[[ 4.58237767e+02  2.56897491e+00  3.45487798e+01 ...  7.71822482e+00
   1.28326904e+01 -5.35875527e+00]
 [ 4.41426766e+02 -9.48437055e-01  3.86801424e+01 ...  2.62675803e+00
   8.91796623e+00 -1.35701335e+01]
 [ 4.28650690e+02 -4.68057540e+00  4.14999239e+01 ...  8.08948520e+00
  -1.35294019e+00 -8.68962708e+00]
 ...
 [ 4.09795636e+02  9.00950085e+00  4.73094448e+01 ... -2.36146629e+00
  -1.00199439e+01 -4.41302612e+00]
 [ 4.14797896e+02  9.90840905e+00  4.69459934e+01 ...  4.15512997e+00
  -5.59616614e+00 -2.00302278e+00]
 [ 4.25690126e+02  1.55004575e+01  4.31500502e+01 ...  1.23041111e-01
  -5.47699714e+00 -7.75950526e+00]]","[[ 5.65647889e+02 -5.82394570e+01  7.05269837e+00 ...  2.90195519e+00
  -7.87177802e-01 -4.43177643e+00]
 [ 5.61453528e+02 -5.58009369e+01  1.66520761e+01 ...  4.68741178e+00
  -1.16736183e+00  1.51091006e+00]
 [ 5.25980550e+02 -4.39766568e+01  2.30557259e+01 ...  2.57353411e+01
   2.01362157e+00 -9.52820844e-02]
 ...
 [ 4.99308597e+02 -4.57432168e+01 -9.39553500e+00 ...  4.85594779e+00
  -6.68122203e+00 -1.71545427e+01]
 [ 4.96640519e+02 -3.53769199e+01 -3.91748576e-01 ...  1.36275749e+01
  -1.33799613e+01 -1.62374624e+01]
 [ 4.90022184e+02 -3.74891764e+01 -5.32553139e+00 ...  4.98981813e+00
  -1.16543316e+01 -2.22241091e+01]]"
"[[ 4.33523971e+02 -8.52180294e+00  2.22469798e+01 ... -8.63042636e+00
   3.28038287e+00 -1.04606776e+01]
 [ 4.62207408e+02 -1.10946766e+01  1.05528615e+01 ... -5.55563902e+00
  -4.41002193e-01 -6.27715269e+00]
 [ 4.12081883e+02 -7.32557945e+00  3.08913114e+01 ...  5.88826546e+00
   2.39785424e+00 -7.12515250e+00]
 ...
 [ 4.06660594e+02  9.39446692e-01  3.48956710e+01 ... -3.69414933e+00
  -3.22549012e+00 -6.54481407e+00]
 [ 4.20600573e+02  1.61562806e+01  5.55951450e+01 ... -9.00482733e+00
  -4.22343616e+00 -9.23327848e+00]
 [ 4.17096327e+02  1.10925963e+01  4.51769526e+01 ...  4.79598179e+00
  -6.23489150e+00 -5.53892872e+00]]","[[ 5.23241626e+02  4.67502038e+01  9.82618563e+00 ...  1.39724535e+01
   6.58128359e+00 -5.11656543e+00]
 [ 6.07101354e+02  7.40137770e+01 -1.39590102e-01 ...  1.34667784e+01
   1.07343614e+01 -4.14950118e+00]
 [ 6.52065818e+02  6.33430531e+01 -1.67601726e+01 ...  2.58361658e+01
   9.41198201e+00 -2.44333132e-01]
 ...
 [ 4.13226919e+02  1.22528905e+01  5.50110789e+01 ...  1.80271082e+01
   1.67126155e+01  8.23782119e-01]
 [ 4.04792991e+02  5.56838912e+00  5.51062263e+01 ...  1.65562635e+01
   7.44628097e+00 -9.02150470e+00]
 [ 4.11266854e+02  8.07393253e+00  5.05557946e+01 ...  9.65524300e+00
   1.34386839e+01  3.16546734e+00]]","[[ 4.22247933e+02  1.21170637e+01  4.29090053e+01 ... -5.02024264e+00
  -8.65787322e+00 -4.58730341e+00]
 [ 4.02767232e+02  8.97973162e+00  3.87132771e+01 ...  2.30653534e+00
  -5.34255371e+00 -7.39646604e+00]
 [ 4.05997863e+02  1.44044937e+01  4.56270347e+01 ... -7.41832279e-02
  -2.61057074e+00 -1.06466009e+01]
 ...
 [ 5.42080622e+02 -6.85362258e+01  3.14678390e+01 ... -1.16021175e+00
  -8.58374389e+00 -9.32998533e+00]
 [ 5.46737883e+02 -7.26507187e+01  3.99767156e+01 ...  1.23123700e+01
   9.41975255e-01 -3.96331964e+00]
 [ 5.32039702e+02 -7.99479763e+01  4.29094329e+01 ...  1.95721452e+01
  -4.83271034e+00 -1.08785157e+01]]"
"[[1017.29800535 -154.99284766  -19.42723028 ...   -1.62746775
    -6.06673114   -2.20483642]
 [1023.32936542 -155.62738135  -31.99609379 ...    1.43870575
   -12.88593801    1.0820929 ]
 [1031.85382829 -144.55316842  -42.99012621 ...  -14.29320738
    -8.39425788   -2.72968576]
 ...
 [1028.80627734 -155.89087775  -50.8853557  ...  -15.89431169
   -11.26036235  -10.4903049 ]
 [1032.22604515 -143.1058478   -30.34426097 ...   -3.48628306
   -13.17269817   -9.51115402]
 [1034.89727873 -133.9198917   -25.21082312 ...   -3.22729965
   -15.47078014  -12.84890885]]","[[509.34141962  -4.47333977 -15.90285398 ...  -2.37970371  -9.59859061
  -11.74094451]
 [500.44946039  14.59826935  12.19765149 ...   2.19701966 -11.17034892
  -13.91422986]
 [477.76676893  -4.71168919   3.9910611  ...   2.68247317  -7.2677079
  -17.95428954]
 ...
 [399.60428517  -5.65029819  41.05022408 ...   1.97016655 -11.51224568
    4.86992621]
 [402.28358456  -9.92190384  27.73283893 ...  -1.95491437  -9.63679029
   -1.46938322]
 [422.32133417  13.99870034  42.78973051 ...  -1.464005    -5.08134981
   -5.7494046 ]]","[[ 4.25818952e+02 -6.91654804e+00  1.84049145e+01 ... -1.28578230e+01
  -7.68921063e+00 -4.96229333e+00]
 [ 4.29164306e+02  1.39742801e+00  3.66670952e+01 ... -4.76856963e+00
  -1.05983652e+01 -9.04625419e-01]
 [ 4.39623473e+02 -6.93308440e+00  2.88807862e+01 ... -2.00278792e+00
  -4.26176482e+00  3.45733991e+00]
 ...
 [ 4.06643238e+02  1.17455769e+01  3.62054536e+01 ...  9.08077669e+00
   2.63005735e+00 -1.36602045e+01]
 [ 4.14219191e+02  1.47667917e+01  3.56131216e+01 ...  1.16334307e+01
   1.23545730e+00 -2.53870169e+00]
 [ 4.12863659e+02  2.66622135e-01  2.59147992e+01 ...  4.76975216e+00
  -2.93656244e+00 -7.21547776e+00]]"
"[[1024.19104511 -166.43863676  -39.78046746 ...    2.4534239
     5.26927481   -5.58250471]
 [1012.85174973 -163.25557731  -15.52680234 ...   -4.99750235
     2.20297244    3.18551445]
 [1017.16219508 -163.58745863  -15.86400476 ...    3.63598308
    -5.63299008  -22.93129209]
 ...
 [1042.52612885 -114.65946202  -34.20277019 ...  -10.81487604
    -4.2011268     2.05656607]
 [1035.65627369 -117.43897627  -38.03245497 ...   -5.42643978
    -9.41607294   -3.12265115]
 [1029.26920695 -138.89210929  -43.04197762 ...   -5.19828583
     8.71638384    8.88222476]]","[[ 4.19214822e+02  4.83176709e+00  2.60819016e+01 ...  2.50047359e-01
  -9.08212984e+00 -6.46636568e+00]
 [ 4.21783231e+02 -1.65531004e-01  2.81242014e+01 ... -7.85545141e-01
   2.00824584e+00  3.98345395e+00]
 [ 4.24777725e+02  6.90057778e+00  2.46479659e+01 ... -4.55534437e+00
  -4.31057895e-01  6.58348157e+00]
 ...
 [ 4.16051059e+02  3.88589642e+00  3.68075767e+01 ... -4.94355902e+00
  -5.64409939e-01  8.73901728e+00]
 [ 4.19908278e+02  7.39435727e+00  3.31931079e+01 ... -4.37280057e+00
   6.76766685e-02  3.75159384e+00]
 [ 4.23926425e+02  1.09166485e+01  4.23072919e+01 ...  4.91791928e+00
   9.55757056e+00  7.09519183e+00]]","[[ 6.17547113e+02  2.81043859e+01 -4.53789634e+01 ... -4.16860316e+00
  -9.70260058e-01 -9.46443408e-01]
 [ 6.21430731e+02  3.09236857e+01 -4.41322932e+01 ... -1.36942093e+01
   1.83720783e+00 -6.46613534e+00]
 [ 6.18965118e+02  3.93477131e+01 -3.62817013e+01 ... -5.57511961e+00
  -3.28371806e+00 -5.26634691e-02]
 ...
 [ 8.26393664e+02 -3.79138697e+00 -1.05058412e+02 ... -2.10940189e+01
   9.24393188e+00 -1.57005959e+01]
 [ 8.28143725e+02 -7.21187859e+00 -9.72777577e+01 ... -2.15359953e+01
   1.35767626e+01 -1.22729475e+01]
 [ 8.24523241e+02 -1.12697423e+01 -9.15764719e+01 ... -1.47908256e+01
   4.27909014e+00 -1.63796606e+01]]"
"[[ 6.83041613e+02  4.23646090e+01 -1.95060669e+00 ...  1.60864353e+01
   7.02173411e+00 -4.87930905e-01]
 [ 6.75598447e+02  5.47645136e+01 -3.31863303e+00 ...  2.14047198e+01
   6.47018773e+00  2.19212821e+00]
 [ 6.57971449e+02  6.47701660e+01  1.58889412e+00 ...  1.23677950e+01
   4.16837165e+00  1.59963221e+01]
 ...
 [ 7.17858653e+02  5.84196278e+01 -2.48834466e+00 ...  3.17800702e+01
   5.12963797e+00 -6.65843706e+00]
 [ 7.01639110e+02  6.12031678e+01 -1.11800697e+01 ...  2.87231262e+01
   8.37083534e+00 -6.89351380e+00]
 [ 6.74355513e+02  6.61425582e+01 -6.80722555e+00 ...  1.41574515e+01
  -4.76285370e+00 -2.61891916e-03]]","[[528.14031796  55.70756744 -18.47791148 ...  -7.2675779   -7.39746179
  -24.84658245]
 [529.41256411  48.65171316 -35.4143761  ... -11.3309668   -4.74344669
  -29.56817038]
 [533.73697585  48.57403211 -30.28907653 ...  -9.39712577   2.184884
  -17.702861  ]
 ...
 [409.2158704    2.71362363  46.18464287 ...  -4.82628255  -2.3495195
   -5.1582241 ]
 [413.98036827  16.99152943  45.63494584 ...   5.28288458  11.88287648
    1.58659757]
 [407.22346139  -1.9731358   29.66566149 ...   8.5319694    8.47782683
    2.14318174]]","[[508.21062167  49.85585798 -31.33170061 ...   0.7593555  -10.83005902
   -4.96121166]
 [448.09607387  28.26610059  25.94219809 ...  11.58168182  11.78746117
   -3.09068544]
 [426.24153243  17.6727627   38.98997584 ...   4.08712307   0.63671904
    0.70909808]
 ...
 [503.22289473  17.19911108   0.56139995 ...  -4.4232275   -4.98892672
  -13.59470174]
 [516.16893149  21.47691599  -7.60056795 ...  -3.4779451   -0.96152377
  -27.30914713]
 [521.97987981  24.60841785  -8.38668218 ... -16.58633318  -5.28187188
  -12.55169263]]"
"[[ 4.19972390e+02  6.29428198e+00  3.68790018e+01 ... -5.12578056e+00
   1.73598195e+00 -1.09403844e+01]
 [ 4.00468752e+02 -9.93435286e+00  1.79853507e+01 ... -1.03478555e+01
  -1.75813553e+01 -1.96814689e+01]
 [ 4.09219123e+02  2.44381585e+00  3.61426603e+01 ...  3.39648737e-01
  -7.92964786e+00 -1.11854386e+01]
 ...
 [ 7.07681564e+02 -1.48243522e+02  5.60608242e+01 ...  1.83130565e+01
   5.70733826e+00 -5.59023049e+00]
 [ 6.82258583e+02 -1.49924272e+02  3.12889646e+01 ...  1.68719945e+01
   1.52892972e+00  8.47071409e+00]
 [ 6.46102138e+02 -1.18143963e+02  2.10651543e+01 ...  7.06814315e+00
  -4.56183121e+00  7.53870527e+00]]","[[477.813046    -6.84431078  18.85962819 ...  -1.64180589   2.51168666
   -3.86236361]
 [456.64752808  -5.92417195  29.26021617 ...  11.08306733  -4.34065942
   -6.53283576]
 [447.55857482  -5.64642182  19.24602282 ...  12.54939805  -8.14195049
   -2.25036441]
 ...
 [503.65245466  55.58681004  51.41555259 ...  -6.59791296  -9.83476915
  -18.54045973]
 [480.31785011  39.90244824  51.68630782 ... -22.65787697  -7.85660117
   -8.67398317]
 [476.67541387  28.69266108  42.24013798 ... -18.87541405  -6.87753398
  -19.56749474]]","[[ 4.43841976e+02  8.78864672e+00  3.33835257e+01 ... -1.49347738e+00
   4.61790262e+00  8.56274240e+00]
 [ 4.31024977e+02  2.87655290e+00  3.52826504e+01 ...  1.01508048e+01
   2.67058482e-01 -1.79566802e+01]
 [ 4.43924918e+02  1.42821661e+01  3.14231878e+01 ...  7.48302136e+00
   1.72604469e+00 -8.18300619e+00]
 ...
 [ 6.19707651e+02  7.98494439e+01  9.17925597e+00 ...  6.85344587e+00
   4.93730006e+00  2.03075764e+00]
 [ 5.68068355e+02  6.48022455e+01 -1.25345392e+01 ...  1.87104189e+01
   1.03074575e+01  1.40934053e+01]
 [ 5.54644977e+02  6.77042873e+01 -1.44577834e+01 ...  1.40206260e+01
  -5.51561416e+00 -4.28285223e-01]]"
"[[ 4.15281046e+02  4.62757124e+00  4.93855720e+01 ...  1.76929271e+00
  -6.10495427e+00 -1.23010927e+00]
 [ 4.15397470e+02  2.56548787e+00  4.28532617e+01 ... -5.85057787e+00
  -1.12993964e+00 -5.13341953e+00]
 [ 3.99293454e+02  1.97084199e-01  3.78758765e+01 ... -1.49322168e+01
  -5.00199205e+00 -1.82807887e+01]
 ...
 [ 3.97307713e+02 -1.34832664e+00  4.07740567e+01 ...  3.56288651e+00
  -1.50036264e+01 -1.51200204e+01]
 [ 4.13534603e+02  1.60745220e+01  5.91930897e+01 ...  2.59423291e+00
  -5.27363466e+00 -1.98329952e+00]
 [ 4.10983780e+02  1.49239038e+01  5.08067598e+01 ... -2.21133742e+00
   8.03895312e-01  3.31547529e-01]]","[[430.18950349  12.37372012  46.63819876 ...  -0.73372263   0.70290248
    7.32120848]
 [425.79732321  12.31831201  55.82196937 ...   8.42196819   1.9114176
   -9.62573762]
 [423.45092306  15.34204091  56.53061483 ...  -6.11509519  -4.60875706
   -7.1269867 ]
 ...
 [421.54726295  21.35883489  40.90672694 ...   3.39468029  -1.9956727
   -0.52198486]
 [418.11180043  17.79049117  35.5976409  ...   7.71712233   1.66673561
    2.6314407 ]
 [429.04830596  26.76832798  46.9620204  ...  -2.20731804   2.32464612
   -3.03604459]]","[[ 8.12635483e+02 -3.09055246e+01 -5.32512269e+01 ... -6.49108214e+00
   1.05481406e+01 -5.15928482e-01]
 [ 7.73086381e+02 -1.65661134e+01 -5.54875281e+01 ... -1.18135000e+01
   1.58581066e+01 -6.78059644e+00]
 [ 7.70016854e+02 -3.81056444e+00 -4.69831137e+01 ... -8.04119021e+00
   1.05944607e+01 -9.35636868e+00]
 ...
 [ 4.31657155e+02  9.49427219e+00  4.13262695e+01 ...  1.20890094e+01
   1.32864796e+01 -5.59391527e+00]
 [ 4.27947015e+02  3.36365095e+00  3.60369590e+01 ...  1.72839603e+01
   9.89602476e+00 -4.40544224e+00]
 [ 4.38092503e+02  1.08520728e+01  3.97312125e+01 ...  1.93109777e+01
   9.84268282e+00 -8.23878651e+00]]"
"[[ 5.93711793e+02  4.13910873e+01  4.65305010e+00 ... -6.92149743e+00
  -1.52868505e+01 -1.66689824e+00]
 [ 5.96523249e+02  6.06877467e+01  1.26901914e+01 ... -6.24142476e+00
  -5.59297737e+00 -1.56690186e+00]
 [ 6.17156406e+02  5.71264354e+01  1.50414282e+01 ... -5.65848446e+00
  -1.97987405e+00  5.54942549e+00]
 ...
 [ 5.63101035e+02 -6.18295052e+01  6.90842649e+01 ...  2.34762573e+01
   8.56001880e+00 -1.36314569e+01]
 [ 5.80640236e+02 -4.17454731e+01  6.14496980e+01 ...  1.42894715e+01
  -4.21363111e-01 -7.99946514e+00]
 [ 6.09773080e+02  3.23382237e+00  3.23927541e+01 ...  1.04832198e+01
   1.28913695e+00 -8.54579597e+00]]","[[ 4.52865803e+02  6.57145623e-01  1.56308921e+01 ...  5.44130045e-01
  -1.81101779e+00 -5.71938343e-01]
 [ 4.67624638e+02 -9.13383592e+00  1.36981412e+01 ...  2.04249561e+00
  -1.13477627e+01 -8.62121087e+00]
 [ 4.71074857e+02 -1.21284405e+01  1.97987944e+01 ...  9.04872649e-01
  -1.09024778e+01 -7.51934420e+00]
 ...
 [ 5.14512787e+02  9.13803335e+00  1.91697896e+01 ... -3.84706432e-01
  -4.50396625e+00  5.43580043e+00]
 [ 5.25775229e+02  1.79107754e+01  4.55178480e+00 ...  2.93825527e+00
   5.49967436e+00  6.02301762e+00]
 [ 5.36743234e+02  2.41912089e+01  1.09704278e+00 ... -1.16637185e+00
   1.14466042e+00  7.64205866e+00]]","[[ 4.00999382e+02 -3.37265803e+00  4.62664777e+01 ... -4.60742749e+00
  -1.09902065e+01 -5.90960187e+00]
 [ 4.11581863e+02  1.10043395e+01  4.12905915e+01 ...  2.05225165e+00
   1.92317954e+00  5.89889317e+00]
 [ 4.15156856e+02  6.10498539e-01  4.37288011e+01 ... -4.20762366e+00
  -8.15429889e+00 -8.20638646e+00]
 ...
 [ 4.10514069e+02  7.93987273e+00  4.25536372e+01 ...  1.37713519e+00
   6.34454711e+00 -3.83931706e+00]
 [ 4.09399301e+02  8.84288697e+00  4.29933937e+01 ...  4.66896148e+00
  -3.11621605e+00 -1.80976266e+00]
 [ 4.03805421e+02 -1.29630199e+00  4.05984326e+01 ...  1.27810342e+00
  -4.51884691e+00  3.74719325e-01]]"
"[[ 1.03889975e+03 -1.40216275e+02 -4.21367065e+01 ... -1.40326311e+01
  -1.56133195e+01 -3.46365728e+00]
 [ 1.04200191e+03 -1.14507434e+02 -3.42103518e+01 ...  3.07273954e+00
  -6.19467973e+00  4.56619840e+00]
 [ 1.04014476e+03 -1.24469852e+02 -3.14350026e+01 ...  3.45419528e+00
  -1.84573972e+00 -2.76839202e+00]
 ...
 [ 1.02360895e+03 -1.36968198e+02 -4.34193074e+01 ... -5.17560205e+00
   1.04977791e+01  1.67278787e+01]
 [ 1.03137884e+03 -1.47681682e+02 -4.92179832e+01 ... -8.35020943e+00
   1.66807172e+00  9.68747572e-01]
 [ 1.01894528e+03 -1.50378436e+02 -4.77972502e+01 ... -1.61806974e+00
   4.05793376e+00 -4.10233550e+00]]","[[ 4.12903050e+02  5.67247925e+00  3.94503223e+01 ... -6.12812401e+00
  -3.18940215e+00  7.12257055e+00]
 [ 4.12445988e+02 -2.43064329e+00  4.70663601e+01 ...  4.48221571e+00
  -1.94420846e+00  1.06158620e-01]
 [ 4.28661673e+02  8.02967476e+00  3.61658703e+01 ...  5.26859259e+00
   2.19355486e+00 -4.51269114e+00]
 ...
 [ 4.26374718e+02  1.05566781e+01  5.25201529e+01 ...  8.45112282e+00
  -6.41823539e-02  7.61718839e+00]
 [ 4.21203744e+02  1.40994705e+01  5.77082385e+01 ...  3.69400094e+00
   2.92132102e+00  7.65523075e+00]
 [ 4.25671170e+02 -7.14067557e-01  4.10520249e+01 ...  8.86275724e+00
   1.05357373e+00 -3.32330324e-01]]","[[ 6.01550647e+02  3.76810201e+01 -5.83830815e+01 ... -1.65876746e+01
  -1.89781582e+01 -2.03023756e+01]
 [ 6.12283998e+02  3.44933094e+01 -4.98074229e+01 ... -1.96771062e+00
  -8.88364292e+00 -1.29788080e+01]
 [ 5.84135216e+02  5.90887373e+01 -2.42769236e+01 ...  6.67032315e+00
   2.14710041e+00 -1.30996961e+01]
 ...
 [ 5.48324229e+02 -3.92681455e+01  7.17232470e+01 ... -2.60127829e+01
  -8.16803453e+00 -1.33579951e+01]
 [ 5.03805166e+02 -3.03459950e+00  5.17977436e+01 ...  5.21985373e-01
   5.89400110e-01 -4.47806903e+00]
 [ 5.02467722e+02  1.41500121e+01  2.71355622e+01 ... -9.65237286e+00
   1.14715352e+01  1.01204489e+01]]"
"[[ 1.03147932e+03 -1.36536057e+02 -4.47099870e+01 ...  4.82731192e-01
  -1.26033942e+01 -1.40537172e+01]
 [ 1.02501023e+03 -1.26578152e+02 -4.49761411e+01 ... -1.20324433e+01
  -1.95785878e+01 -8.38693124e+00]
 [ 1.03731755e+03 -1.28425007e+02 -4.02167784e+01 ... -6.88887600e+00
  -2.54456064e+00 -1.00209085e+00]
 ...
 [ 1.03071392e+03 -1.50429816e+02 -3.00891899e+01 ... -4.19701890e+00
   2.11134114e+00  3.33862731e-01]
 [ 1.03840776e+03 -1.36042697e+02 -2.89440362e+01 ...  2.71180565e+00
  -1.00128435e+00  3.29211998e+00]
 [ 1.03306614e+03 -1.36188461e+02 -2.31897826e+01 ... -7.38876988e+00
  -8.03861935e+00 -7.46322520e+00]]","[[ 7.41562512e+02 -4.85177838e+00 -5.28142666e+01 ...  3.02656694e-01
  -1.30811113e+01 -1.83471513e+01]
 [ 6.91969758e+02 -3.16405690e+00 -3.02885609e+01 ...  3.81595857e+00
  -1.94834446e+01 -1.54905468e+01]
 [ 6.45619900e+02  2.54750157e-01 -2.91652765e+01 ...  5.41116550e+00
  -1.90078173e+01 -4.86781460e+00]
 ...
 [ 4.22707711e+02  1.77114326e+01  4.73479271e+01 ...  3.69332935e+00
  -3.62349406e+00  9.07369478e+00]
 [ 4.02407274e+02  3.72763901e+00  3.80921483e+01 ... -3.87633915e+00
  -1.17017220e+00 -2.31677379e-01]
 [ 4.12719575e+02  5.15378739e+00  4.29608036e+01 ... -3.91988854e+00
   9.29785450e-01  3.88472005e+00]]","[[ 4.13041957e+02 -1.32664140e+00  4.12912066e+01 ... -6.15906969e+00
  -1.53382624e+01 -1.73870269e+01]
 [ 4.10078149e+02  1.24172303e+01  3.86844700e+01 ...  6.86835533e+00
  -6.23046188e+00 -1.50549856e+00]
 [ 4.09844734e+02  1.50717409e+01  3.78729234e+01 ...  4.12539760e+00
  -5.60875388e+00  1.22917974e+00]
 ...
 [ 4.90599515e+02 -3.24696558e+01 -7.77404974e+00 ...  4.65016833e+00
  -2.60483819e+00 -7.45403299e-01]
 [ 5.08276157e+02 -2.84596191e+01 -5.27731053e+00 ... -1.48732351e-01
  -1.17572262e+01 -3.42557158e+00]
 [ 4.97303730e+02 -4.69901222e+01 -1.79163045e+01 ...  6.51399644e+00
  -1.82209782e+01 -1.89786508e+00]]"
"[[ 6.72248024e+02  1.11593673e+01 -5.49871914e+01 ...  1.27315867e+01
  -6.89120127e+00 -3.82343908e+01]
 [ 6.74800222e+02  1.10665179e+01 -4.74213341e+01 ...  9.08724244e+00
  -1.11223687e+01 -3.57613506e+01]
 [ 6.54100662e+02  1.86921701e+01 -4.76405854e+01 ...  2.34997728e+00
  -1.75317494e+01 -3.60483358e+01]
 ...
 [ 4.09794233e+02  1.04324084e+01  5.62734566e+01 ...  8.34209741e+00
  -3.06427972e+00 -6.43209139e+00]
 [ 4.07463265e+02  1.26507835e+01  4.48610608e+01 ...  9.38107172e+00
  -3.44725309e+00  1.98577520e-01]
 [ 4.03893698e+02  6.66623071e+00  4.06521115e+01 ...  2.75031239e+00
  -3.77816667e+00 -3.30911984e+00]]","[[426.55157253   1.77852584  39.58171956 ...   8.05714422   7.11141544
    2.59348484]
 [413.7387571    8.90246935  60.60766505 ...   4.20523007  10.34562529
   10.32495675]
 [406.48400521  15.42573396  53.16535286 ...   7.62720332  -3.39681057
    3.11540637]
 ...
 [393.56908429 -14.61498144  43.98203653 ...   3.40411485  12.12283907
   -1.20028259]
 [406.88998389   5.33363508  52.77922533 ...  25.00606411  12.40648825
   -8.68290479]
 [403.03437434   4.99122905  49.0676425  ...  16.26567233  11.34850911
   -4.87609369]]","[[ 4.53908825e+02 -1.67207209e+01  1.48437901e+01 ...  2.77981455e+01
   7.18918814e-01 -2.25295194e+01]
 [ 4.40560600e+02 -1.81182175e+01  1.35387526e+01 ...  3.30071358e+01
  -4.14860232e-01 -2.21911809e+01]
 [ 4.38682872e+02 -2.13842897e+01  1.57370365e+01 ...  1.83947102e+01
   6.85298754e+00 -8.56842575e+00]
 ...
 [ 4.17247278e+02  7.96311726e+00  3.45759679e+01 ...  4.05048832e-01
  -2.38983411e+00 -3.48558180e+00]
 [ 4.07350001e+02 -9.11759520e+00  3.61151578e+01 ... -2.66779326e+00
  -5.99854336e+00 -5.15061678e+00]
 [ 4.15435174e+02  3.28706249e-01  3.78511224e+01 ...  5.88106299e+00
  -6.72285079e-01 -1.94171538e+00]]"
"[[ 4.30137821e+02  6.28427148e+00  4.71628032e+01 ...  3.53868359e+00
   4.60209806e+00  5.24427837e+00]
 [ 4.10717133e+02  1.69968855e+01  5.56617923e+01 ... -3.48067963e+00
  -7.36384994e-01  4.08008161e+00]
 [ 4.04812918e+02  5.36771408e+00  4.91211741e+01 ... -1.54286911e+01
  -2.06779278e-01 -5.83983374e+00]
 ...
 [ 3.96040961e+02  5.90268504e+00  5.77284706e+01 ...  4.46548332e+00
   3.87169050e+00 -1.25736811e+00]
 [ 4.06000720e+02 -2.39931744e+00  4.96749464e+01 ... -3.21209936e-01
  -1.02901242e+00 -8.87598789e+00]
 [ 4.11156039e+02 -8.54899597e-01  4.22490362e+01 ... -8.55301068e+00
  -1.36259094e+01 -9.62276492e+00]]","[[ 4.48562757e+02  9.41733640e+00  3.18535149e+01 ... -6.30529862e+00
  -5.66705673e+00 -4.27026172e-01]
 [ 4.21717497e+02  1.19565380e+01  3.30510292e+01 ... -1.47642432e+00
  -2.64151340e+00  7.50202024e-02]
 [ 4.14677417e+02  8.30116151e+00  3.90143251e+01 ... -7.96022968e+00
  -5.43538866e+00  4.67593329e+00]
 ...
 [ 3.98061943e+02  6.31767935e+00  3.90363916e+01 ...  1.40295003e+01
   6.43972161e+00  2.00853989e+00]
 [ 3.95797598e+02 -6.93225466e+00  4.64294877e+01 ...  3.57771634e+00
  -3.04791115e+00  6.33722537e+00]
 [ 4.09268358e+02 -2.20577011e+01  4.35828492e+01 ...  7.81846585e+00
  -4.66094097e+00 -3.23200869e+00]]","[[ 5.84015743e+02 -3.71915911e+01 -4.12516111e+01 ... -2.83444816e+01
   1.01976703e+01  1.06202651e+01]
 [ 5.75256424e+02 -6.74698866e+01 -4.35044325e+01 ... -3.76464401e+01
   5.16461543e+00  4.84668639e+00]
 [ 6.09864618e+02 -1.97279894e+01 -8.30993576e+00 ... -4.61011235e+01
  -1.22382437e+01 -3.61347764e+00]
 ...
 [ 6.25258611e+02 -1.62375885e+01 -4.81064028e+01 ... -2.71439457e+01
   8.21420566e+00  3.74911714e+00]
 [ 6.51199741e+02  4.25176594e+00 -3.57266150e+01 ... -3.76634340e+01
  -6.20445110e-01 -5.98814311e-01]
 [ 6.94370626e+02  1.36579155e+01 -2.98559596e+01 ... -3.65560111e+01
  -1.73709128e+01  4.67208594e+00]]"
"[[ 4.40539619e+02 -3.32092620e+00  3.96633892e+01 ...  8.66410591e+00
   8.92297950e+00  4.94733537e+00]
 [ 4.08670714e+02  1.03052538e+01  5.40798028e+01 ...  1.78029998e+01
   8.52396680e+00  1.16479113e+01]
 [ 4.02603960e+02  9.89426753e+00  4.68820086e+01 ...  1.63273539e+01
   9.22245482e+00  1.60144075e+01]
 ...
 [ 4.13679565e+02  7.69547363e+00  5.18972516e+01 ...  9.55000956e+00
   7.61424449e+00  1.74719768e+00]
 [ 4.05237274e+02  1.09481076e+01  5.97170726e+01 ...  1.10148397e+01
   2.24400473e+00 -1.89038703e-01]
 [ 4.01183522e+02  1.01892036e+01  5.64982984e+01 ...  4.19086334e+00
   8.66292876e+00  4.57286862e+00]]","[[ 4.45488947e+02 -3.96465606e-01  3.20277353e+01 ...  9.12735356e+00
   2.91265306e+00  7.08668870e-01]
 [ 4.08105654e+02  1.45510644e+01  4.77543816e+01 ...  1.44677020e+01
   1.49295594e+01  5.84372326e+00]
 [ 4.08571604e+02  1.40391908e+01  4.15694271e+01 ...  1.42296231e+01
   3.20416633e+00 -4.81461297e-01]
 ...
 [ 4.98873658e+02  7.58590052e+01  3.38274337e+01 ...  9.66124974e+00
  -2.75689874e+00  9.50315958e+00]
 [ 5.18006206e+02  7.19418893e+01  1.91226973e+01 ...  7.17649465e+00
   4.03368789e+00  1.91251726e+01]
 [ 5.50097635e+02  8.29060285e+01 -6.42001014e+00 ... -4.16003262e+00
   3.95475768e+00  2.28620760e+01]]","[[ 4.06557800e+02  5.20011097e-02  3.40613812e+01 ... -5.96055188e+00
   1.26745006e+00  1.20372949e+00]
 [ 4.61423400e+02 -8.43302387e+00  2.71809647e+01 ... -8.79920943e+00
  -3.71931159e+00  1.33291463e+01]
 [ 4.45762638e+02 -5.39105610e+00  2.96493519e+01 ... -1.07681717e-01
   6.63873596e+00  2.00014431e+01]
 ...
 [ 6.69613224e+02  5.02825557e+01 -8.05595673e+01 ... -1.85989538e+01
  -1.77015766e+01 -5.49416962e+00]
 [ 6.16578297e+02  6.98140907e+01 -6.61082568e+01 ... -1.60339036e+01
  -1.47674260e+01 -3.39526124e+00]
 [ 5.24190734e+02  5.03572616e+01 -1.23389444e+01 ... -1.29272045e+01
  -4.42272682e-01 -9.31602960e+00]]"
"[[408.53752985  -9.94391705  26.75963957 ...  -1.54987904  -0.48934044
    0.8399411 ]
 [407.6412758   -2.74758199  37.62571414 ...   2.08412763  12.54906068
   11.05959904]
 [420.84255107  17.29651906  45.56204917 ...   2.87018138   8.33176677
    3.8107871 ]
 ...
 [411.10648321  12.4387006   43.23392313 ...   3.87942638  12.37890027
   -1.16408917]
 [408.7479904   21.47119474  55.54803109 ...   6.37386573  -0.55507541
   -2.84482757]
 [408.47964152  13.6566754   37.17485508 ...  -3.76042317  -7.2182522
    1.88044172]]","[[517.89728257 -59.72018825  46.06517872 ... -14.2972346   -8.10622957
  -20.38446774]
 [479.68234491 -56.88105274  51.53100261 ...  -7.29215432  -0.54038371
  -14.19858908]
 [461.08059233 -49.56913539  59.49947061 ...  -8.27005778   6.3631047
   -6.97099998]
 ...
 [458.05997464  -0.86124823  15.22836518 ...  -2.00416655 -10.14289752
   12.77785678]
 [443.12150989  10.88072971  34.0264829  ...  -4.45867741  -4.65844271
   10.36176576]
 [433.47940681  19.88939765  40.90656869 ...  12.23943962   2.379996
   12.25613193]]","[[442.3865501   -7.88047074  12.76209706 ... -10.57848535   4.36854625
   -3.31966629]
 [446.95841991  -7.67338991  11.39493943 ...  -1.81561674  11.31029092
    6.97991036]
 [446.35921738  -7.27702064  11.68381756 ...  -9.471813    -3.89998014
    2.48048086]
 ...
 [411.84732639  16.24789304  50.34216828 ...   7.18711821  15.60881835
   11.65565891]
 [414.6437459   11.71608659  55.89342483 ...  10.20648607  17.62617756
    8.04690727]
 [422.56784848  25.798999    46.35926428 ...  12.08256823  10.12050311
    1.32500946]]"
"[[ 4.02708977e+02 -4.99064350e-01  3.72486781e+01 ...  3.80641156e-03
  -1.15517676e+00  4.46731164e+00]
 [ 3.96178474e+02 -6.91573167e-01  5.31980142e+01 ...  3.12668854e+00
   6.15739209e+00  3.91929266e+00]
 [ 4.08420595e+02  1.30302893e+01  4.62983724e+01 ...  2.96158002e+00
   2.23476692e+00  8.91677881e+00]
 ...
 [ 4.04473200e+02 -4.42583815e-01  4.74480261e+01 ...  1.22412233e+01
   3.64007734e+00 -1.81704353e+00]
 [ 3.98758578e+02  4.03213724e+00  5.32147452e+01 ...  1.34486034e+01
   1.39365397e+01 -5.16682197e-01]
 [ 4.17726709e+02 -4.12897810e-01  4.22610908e+01 ...  1.55091843e+01
   2.10550907e+01  1.04463330e+01]]","[[ 4.57378960e+02  1.08819279e+01  2.39719700e+01 ... -2.31164121e+01
  -1.26568397e+01  1.28803808e+01]
 [ 4.32138005e+02 -1.13269402e+01  1.03079756e+01 ... -1.81307721e+01
  -1.47836859e+01  2.15650141e+01]
 [ 4.47029396e+02 -2.43033920e-01  1.98578917e+01 ...  5.24503029e-01
   1.33360082e+01  1.98678320e+01]
 ...
 [ 4.24613837e+02 -7.24161075e+00  2.80721388e+01 ... -6.65103543e+00
  -6.17305622e+00  9.49241119e-01]
 [ 4.25002638e+02 -4.82312041e-01  3.12414915e+01 ...  4.62329832e+00
  -4.00472663e+00  4.75757919e+00]
 [ 4.12726108e+02 -1.12550916e+00  2.81027850e+01 ... -1.23623587e+00
  -3.49457762e+00  1.37239284e+01]]","[[ 4.15673484e+02  3.11743807e+00  3.91844461e+01 ...  3.35362560e+00
  -9.10925930e-01 -1.71322046e+00]
 [ 4.15235621e+02 -8.60360550e+00  3.12087023e+01 ...  4.07406420e-02
   1.47179746e+01  4.84131169e+00]
 [ 4.12968706e+02  4.90377751e+00  3.67116845e+01 ... -6.93041734e+00
   7.51847334e+00 -8.61036876e+00]
 ...
 [ 4.74203071e+02 -1.72630770e+01  5.64887592e+00 ... -1.54562655e+01
   1.72683833e+00  1.63919408e+01]
 [ 4.41072001e+02 -7.15415742e+00  1.83854507e+01 ... -5.54821498e+00
   7.78577138e+00  1.56541410e+01]
 [ 4.22728740e+02  7.93934458e+00  3.18943683e+01 ...  4.38892555e+00
   1.28116828e+01  1.96050744e+00]]"
"[[496.86024318 -70.16654125  39.15183532 ...   6.91209173  -7.44457485
   -4.76042122]
 [491.74588175 -68.84839306  40.44304586 ...  15.22441664  15.25779558
    2.18700148]
 [484.37045887 -30.33586292  35.58000262 ...   5.39250708   7.53654157
    1.3743724 ]
 ...
 [421.89916259  17.78883117  55.74439838 ...  11.88500681   8.48279991
    6.45850812]
 [424.1401951   34.41287033  55.56396844 ...   6.29109484   4.42839551
   10.36359599]
 [424.57503408  20.92991613  48.73428444 ...   7.97116603  13.51732606
    6.40220469]]","[[412.74449677   5.08806806  35.85459748 ...  -3.60046439   5.33334682
   16.20965523]
 [429.98020515  29.28255877  50.3136335  ...   2.50793731  -9.39779794
   -9.87528745]
 [423.20113631  13.70408984  41.15020212 ...   1.96991305   5.78866133
    0.88197495]
 ...
 [453.89047307   4.50969599  13.71547897 ... -12.37690112 -12.02438875
    3.68039166]
 [437.19497227   2.86463861  12.60533294 ...  -1.52488992  -6.24306854
   -0.96241585]
 [438.3264405   -6.96003234  15.65241203 ...  -3.26410246 -16.01476829
   -4.20842896]]","[[ 4.11174660e+02  1.38689702e+01  5.73396541e+01 ...  2.53968504e+00
   3.81153498e+00 -6.54113318e+00]
 [ 4.10083438e+02  7.91194433e+00  5.52874149e+01 ... -4.30688481e-01
  -6.04436731e+00 -6.91170472e+00]
 [ 4.06185550e+02  1.49946574e+01  4.95295618e+01 ... -6.81854119e+00
  -4.72281009e-01 -4.14394340e-01]
 ...
 [ 4.14585708e+02  3.78389017e+00  3.26476663e+01 ...  6.11245422e+00
   4.83097493e+00 -1.22627101e+00]
 [ 4.14321286e+02  1.03867376e+01  4.70637618e+01 ... -1.48881519e+00
   9.53397354e+00  4.33639153e-02]
 [ 4.04733977e+02  4.34296982e-01  2.82253145e+01 ... -7.97143634e-01
  -2.13741562e+00 -3.35866777e+00]]"
"[[ 4.17181696e+02 -7.79184206e+00  3.90741405e+01 ... -3.80229911e+00
  -5.76012803e+00 -8.01816201e+00]
 [ 4.07415317e+02  8.27491079e+00  5.86337769e+01 ...  1.35631001e+01
   1.02836042e+01  8.51197803e+00]
 [ 4.03083873e+02  9.68282178e+00  6.11512561e+01 ...  5.98688310e+00
   6.90011292e+00  2.59385714e+00]
 ...
 [ 6.99437290e+02  4.37305913e+01 -4.61062313e+01 ...  7.61935681e+00
  -1.27575119e+01 -1.81313367e+01]
 [ 6.99913964e+02  4.11684094e+01 -5.97329858e+01 ... -5.23319814e-01
  -1.47564882e+01 -1.44084457e+01]
 [ 6.91485516e+02  6.02283308e+01 -6.87196277e+01 ... -6.75615677e+00
  -1.32095522e+01 -3.96040551e+00]]","[[ 4.65676335e+02 -4.59232207e+00  2.16295270e+01 ...  2.46812154e+01
   7.07163517e+00 -1.51648602e+01]
 [ 4.32310482e+02 -1.70134957e+01  2.51622727e+01 ...  8.46300823e+00
   3.69877820e+00 -9.22111427e+00]
 [ 4.05234354e+02  3.79247084e+00  4.07133195e+01 ...  5.52041735e-01
  -6.65544542e+00  5.96462250e-02]
 ...
 [ 6.04765550e+02  4.92101900e+01 -2.53134268e+01 ... -1.47824745e+01
  -1.65009236e+01 -4.20948436e+00]
 [ 6.03355832e+02  4.99867641e+01 -2.34812774e+01 ... -1.73591498e+01
  -1.28617198e+01 -4.96029978e+00]
 [ 6.01378293e+02  5.19592365e+01 -2.82927566e+01 ... -1.99146602e+01
  -1.24149952e+01 -1.05078792e+01]]","[[721.48081837   4.94540116 -42.67279118 ... -30.00047139  -9.48848933
    8.43476181]
 [720.02287284   3.18531119 -54.81051059 ... -36.06310025 -14.22175994
    3.92679924]
 [725.16926976   1.04853346 -59.08135789 ... -41.67058401 -12.53358502
    1.66577458]
 ...
 [617.0673552   76.90639202 -46.39758711 ...  -3.63579959   6.51966034
    8.70551082]
 [531.56191076  58.45211038   7.12401675 ...  -3.92763244   4.63148053
    7.10813477]
 [479.0327972   40.0596231   36.34608626 ... -11.27493741  -4.36958239
   -4.14597037]]"
"[[405.47505819  10.13974287  56.32948564 ...   8.04224898  14.95949027
    8.23711666]
 [405.06709444  11.26689978  50.75164963 ...  -5.27872939  14.30233958
    5.90390659]
 [413.43452995  13.87098254  53.88589704 ...   1.66060137   3.0321378
   -5.66970491]
 ...
 [401.56830048  10.60692881  48.25584264 ...   0.94982045  -0.68759592
   -6.26400004]
 [408.21618018  13.40429596  55.19407347 ...   9.24662464   8.76379644
   -1.54927921]
 [411.2540432   10.78003595  46.82987364 ...   7.47192204   9.72886642
    2.49931471]]","[[ 5.08695008e+02 -6.13840806e+01  2.02143118e+01 ...  1.53658207e+00
  -1.41458151e+01  4.35441052e+00]
 [ 5.24290021e+02 -6.58574018e+01  7.12421030e+00 ...  8.11993214e-01
  -9.32201836e-02  1.15287232e+01]
 [ 5.35189863e+02 -7.80846702e+01  7.16655343e+00 ...  3.42355964e+00
  -1.09454692e+01 -9.89619126e+00]
 ...
 [ 6.12543143e+02  5.90980914e+01 -2.12397731e+01 ...  3.08345558e+00
  -1.24014379e+01 -1.41807735e+00]
 [ 6.07057027e+02  7.09121741e+01 -3.46928305e+01 ... -3.15361932e+00
  -1.32523925e+01  3.71581038e+00]
 [ 6.09259299e+02  8.03841336e+01 -4.22699706e+01 ... -5.03003633e+00
  -1.96429724e+01  6.72074056e+00]]","[[ 4.22327131e+02  2.99398317e-01  3.20966443e+01 ...  8.87149988e+00
   1.12853347e+01  6.21380285e+00]
 [ 4.21818220e+02  9.99437206e+00  3.84405153e+01 ...  4.11885447e+00
   5.82363891e+00 -3.83164895e+00]
 [ 4.07505216e+02  2.20041148e+00  3.64415438e+01 ...  2.61206927e+00
   1.66539541e+00 -9.98946486e-01]
 ...
 [ 4.16691446e+02  7.33963712e+00  4.04033358e+01 ... -3.61700292e+00
  -3.32157185e+00  3.32082385e+00]
 [ 4.07755288e+02  4.20539512e+00  3.86082371e+01 ... -2.14250374e+00
  -5.37073325e+00  6.15587875e+00]
 [ 4.04115200e+02 -2.81542793e+00  3.81762172e+01 ...  1.52547240e+00
   4.77738920e+00  2.13743937e+00]]"
"[[603.60010893  50.59359922  -7.42852697 ... -36.58281245  -8.90659713
   10.37064783]
 [569.67776729  44.61946221  -7.99790944 ... -54.8344758  -26.63243292
   10.09151946]
 [564.47985013  51.551926     8.79434912 ... -46.76084632 -24.27522647
   11.80375701]
 ...
 [407.22925918   7.98096462  63.73126412 ...   4.68646848 -14.0843345
   -3.89673869]
 [392.83299775  -7.61939703  48.54059016 ...  -2.65977358  -9.09076259
   -7.17294169]
 [404.81692624   7.78533279  58.17598881 ...   3.78688287  -2.4975491
   -4.83693823]]","[[ 6.15939027e+02  6.86407372e+01 -2.62620641e+01 ... -1.21666854e+01
  -1.07134109e+01 -7.27233401e-01]
 [ 6.18829426e+02  6.64629501e+01 -2.25282426e+01 ... -7.26535874e+00
  -1.43031913e+01  1.72997074e+00]
 [ 6.08031579e+02  5.34044814e+01 -2.55930074e+01 ... -4.36793844e+00
  -1.47269688e+01 -1.24159121e+01]
 ...
 [ 5.11776427e+02  4.48292556e+01  2.87652161e+01 ... -1.07310260e+01
   5.49524194e+00 -8.39033302e+00]
 [ 5.02285080e+02  4.43161306e+01  3.09679504e+01 ... -1.32051136e+01
   4.57202586e+00 -7.11057593e+00]
 [ 4.82682023e+02  2.52634305e+01  3.57226676e+01 ... -1.28987827e+01
   1.12033450e+00 -2.16532721e-01]]","[[ 4.30268073e+02 -1.33683495e+01  2.39097037e+01 ... -4.51680964e+00
  -9.38704546e+00 -1.48334939e+01]
 [ 4.79616877e+02 -1.72527694e+01  1.54484623e+01 ...  1.09878239e+00
  -2.53833356e+00 -1.88594708e+01]
 [ 4.30943375e+02 -9.64594340e+00  3.88081370e+01 ...  5.22433556e+00
  -4.72929841e+00 -9.26527667e+00]
 ...
 [ 4.01997738e+02  1.01077088e+01  4.61227997e+01 ...  2.56100709e+00
   2.49577224e+00 -7.16997308e-02]
 [ 4.09530679e+02  8.61635323e+00  3.83876560e+01 ...  1.27763605e+01
  -3.78558165e+00 -2.14011941e+00]
 [ 4.06843248e+02  7.85125476e+00  5.50298761e+01 ...  8.01417157e+00
   2.37884954e+00  1.23872769e+01]]"
"[[454.31556662   9.02916837  40.04725717 ...  13.46150551   3.7133732
   12.33362555]
 [432.02147005  13.45569206  33.36612494 ...   5.27368134  -8.96253052
   12.90155818]
 [436.27742507   8.80714985  36.14606725 ...  -5.03069767 -17.18603723
   -7.81948539]
 ...
 [694.17424517  49.80463414 -52.1590945  ... -36.09479346  -3.81698432
   20.51741912]
 [685.91519733  47.64754397 -46.0481782  ... -40.85523303 -10.24702402
   24.05876372]
 [678.66853836  48.57051631 -41.18944992 ... -34.56449971 -11.71559447
   19.01329533]]","[[ 5.21136204e+02  3.51029842e+01  3.24981895e+01 ...  6.68475307e+00
  -7.07125966e+00  4.41952501e+00]
 [ 5.18520317e+02  3.48233584e+01  3.60850256e+01 ... -1.27706563e+01
  -5.87598977e+00  4.78378878e+00]
 [ 5.11513360e+02  3.02580210e+01  3.57728195e+01 ... -1.27142864e+01
  -6.64256565e+00 -1.53679853e-01]
 ...
 [ 4.58228694e+02  1.93214795e+00  2.16277528e+01 ... -9.46215097e+00
   8.92169384e+00 -1.00932922e+01]
 [ 4.31840345e+02 -1.50755568e+01  1.78900571e+01 ... -1.08688941e+01
   1.38424854e+01 -7.86697100e+00]
 [ 4.39206181e+02 -2.39245595e+01  2.01814639e+01 ... -7.05074242e+00
   2.50209717e+00  3.27616875e-01]]","[[ 4.60436129e+02  1.45703074e+01  3.37955245e+01 ... -4.78050617e+00
   4.15048682e+00  9.98381310e+00]
 [ 4.40435617e+02  1.74440643e+01  3.11387809e+01 ...  5.97421762e+00
   4.83613662e-01 -2.03363643e+00]
 [ 4.37404133e+02  2.30753756e+01  2.47086326e+01 ... -8.23601678e+00
  -9.15857257e+00 -4.14348356e+00]
 ...
 [ 4.99123025e+02 -6.83439723e+01  2.58652915e+01 ... -4.03971897e+00
   1.33528589e+01  1.39901173e-01]
 [ 4.70573523e+02 -4.15948147e+01  2.95830757e+01 ... -1.09570532e+01
   1.08953740e+01 -7.89556404e+00]
 [ 4.64389284e+02 -5.97781280e+00  1.77435780e+01 ... -2.14476082e+00
   8.23515475e+00  2.49517623e+00]]"
"[[ 4.28935126e+02  1.37985656e+01  4.30370460e+01 ...  1.83871765e+00
   1.99777545e+00  4.58154341e+00]
 [ 4.22482963e+02  1.18798168e+01  5.54974381e+01 ...  4.76390790e+00
  -1.31977539e+00  2.72019693e+00]
 [ 4.13392942e+02  1.73833744e+01  4.77513033e+01 ...  5.99968848e+00
  -1.77634655e+00  3.17179370e+00]
 ...
 [ 4.17821528e+02  9.23096119e+00  3.58089937e+01 ...  4.20448261e-01
  -8.65227238e+00 -1.06135418e+01]
 [ 4.16111132e+02  1.37896546e+01  4.72355763e+01 ... -6.68229054e+00
  -1.84274611e+00  1.20688834e+00]
 [ 4.11102507e+02 -2.51508655e+00  3.60898313e+01 ...  7.48454461e-02
   7.49046638e-01 -1.74071713e+00]]","[[412.95018656  -0.7549492   38.39102165 ...   0.85409807  -8.29115083
  -13.53095099]
 [416.96011601  -5.78710238  33.39893276 ...  -1.7984929   -2.62471357
  -10.39055774]
 [401.02718495  -2.47370234  41.14881987 ...  -5.93943872   2.35720751
   -9.49069117]
 ...
 [664.9861323  -31.30977105 -28.4897958  ... -42.95710399 -14.93686303
  -10.66542847]
 [647.47318101 -65.63938517 -34.45532678 ... -36.8616932  -22.27237201
  -10.14537905]
 [626.36399093 -68.19226815 -23.10640026 ... -23.89168247 -26.25419015
  -14.93813574]]","[[ 4.17927176e+02  1.88105969e+01  3.84607925e+01 ...  3.40399239e+00
  -9.21400163e+00  1.26042857e-01]
 [ 4.17757566e+02  1.28519965e+01  3.92957253e+01 ...  1.06299089e+01
   4.98616254e-01 -1.71999518e+00]
 [ 4.10601368e+02  8.28473337e+00  4.49378005e+01 ...  2.90478027e+00
  -3.06011226e+00  1.90570752e+00]
 ...
 [ 3.93195474e+02 -6.78072811e+00  4.92038634e+01 ... -7.34323347e+00
  -1.02547294e+01 -1.45005655e+01]
 [ 3.90983512e+02  1.47781094e+00  4.68144811e+01 ... -2.10218682e+00
  -3.96912420e+00 -3.56838167e+00]
 [ 4.04620424e+02 -9.61017926e+00  3.95783161e+01 ... -5.98416736e+00
   9.60159843e-01  5.49303713e+00]]"
"[[ 4.19861573e+02  1.31965090e+01  4.64802470e+01 ... -2.91291938e+00
   1.15760245e+01  1.37724301e+01]
 [ 4.15462562e+02  9.85057996e+00  4.71066616e+01 ...  3.41833530e-01
  -9.76758689e-01  2.34473323e+00]
 [ 4.08602121e+02  1.98672974e+01  5.06268842e+01 ... -1.86557931e+00
  -2.62930313e+00 -5.73477336e+00]
 ...
 [ 5.45159067e+02  8.30944177e+01  6.96758235e+01 ...  3.42982093e-01
  -1.11245068e+01  2.29889535e+01]
 [ 5.80292131e+02  8.11294196e+01  4.90786276e+01 ... -1.75132032e+00
  -1.82538805e+01  6.21611182e+00]
 [ 6.25202833e+02  8.21985993e+01  3.48773370e+01 ... -3.74743899e+00
  -1.24135746e+01  4.69648486e+00]]","[[419.88602998   4.07530588  31.68716272 ... -10.51472529   2.22267536
    5.47704086]
 [400.84998417  -2.98547564  40.1911023  ...   3.9053232   10.03492659
    9.85864331]
 [409.68750422  -3.59106135  44.93550203 ...  -2.82799656   6.7396834
    7.91479976]
 ...
 [589.00365378  71.69349944 -31.42204403 ...  -3.18465017 -20.98621722
    2.1763923 ]
 [595.24325691  67.52814849 -32.48257279 ...  -3.87712287 -11.99228865
   -2.94692453]
 [598.87813544  62.64380556 -28.33779984 ... -10.68123193  -8.26701801
   -4.32205403]]","[[487.76611164 -29.62371381  16.17212604 ...   5.00681608 -11.68215773
    3.31955073]
 [495.26052955 -35.06932778   8.28562146 ...  11.41127005  -9.19120706
   -0.58267739]
 [496.40435768 -33.81595058  16.29930671 ...  11.88475173  -2.55068471
   -3.3118242 ]
 ...
 [419.21330117  17.58835468  39.56662907 ...  -2.85666922  -1.47011741
   -4.60184904]
 [420.35745823   4.66797069  34.20311249 ...  14.04080738  -0.79681468
   -2.58570576]
 [422.76704965   9.31303285  33.06898148 ...   5.51192394  -5.02500158
    1.42533474]]"
"[[581.39654924  37.76793452   5.07046878 ... -37.7417418  -28.41494086
   -8.15247191]
 [559.33975912  31.21842649 -11.84315567 ... -41.24327769 -24.46302003
   -6.01484133]
 [553.44051796  28.1634103   -8.24938104 ... -46.70134474 -17.37074974
    4.2690661 ]
 ...
 [422.91449098  -1.28978347  26.79306882 ...   3.21341347 -12.69523882
    5.61547927]
 [428.94832261  11.95222161  29.56829968 ... -17.03640484 -13.61736483
    9.38367472]
 [416.90779127   6.30900464  30.28568128 ... -12.46230539  -0.68614816
    1.73101166]]","[[ 4.20573840e+02 -5.95045026e-01  3.50094925e+01 ...  5.01722116e+00
   3.11598499e+00 -6.40680549e+00]
 [ 3.99560990e+02 -4.02561535e+00  4.46463911e+01 ...  1.22951132e+01
   4.37569411e+00  1.16444362e+00]
 [ 4.05954781e+02  5.45637230e+00  5.27840163e+01 ...  7.92572894e+00
  -2.84889095e-01 -7.39996356e+00]
 ...
 [ 4.32731580e+02  8.19436953e+00  3.74465897e+01 ...  6.33909259e+00
  -3.50759928e-01  1.74727279e+01]
 [ 4.32923130e+02  6.20463394e+00  3.43240440e+01 ...  2.06176726e+00
   5.27459037e+00  1.17309027e+01]
 [ 4.34971789e+02  8.33613871e+00  3.51167480e+01 ...  4.08890800e+00
   1.15680013e+01  2.27651173e+01]]","[[ 4.06123940e+02 -8.92756722e+00  3.54070442e+01 ...  5.71970708e-01
   1.51697262e+00  2.73847731e+00]
 [ 4.13860492e+02  3.71855364e+00  4.19015178e+01 ... -4.54262173e+00
   2.51492646e+00  5.74323787e+00]
 [ 4.04962516e+02  7.03155821e+00  4.09621061e+01 ... -3.55441234e+00
   5.79174585e+00 -4.48487274e-01]
 ...
 [ 4.78234917e+02 -1.31475514e+01 -1.44945937e+01 ... -2.99005446e+01
  -4.25411096e+00  6.46116900e+00]
 [ 4.84707962e+02 -1.97641931e+01 -1.34898438e+01 ... -3.11411555e+01
  -3.40088290e+00  1.40201063e+01]
 [ 5.08254646e+02 -2.08005431e+01 -6.41983383e+00 ... -2.12345893e+01
   1.25851507e+01  1.74573929e+01]]"
"[[405.33032494   0.86219493  38.82352278 ...  -8.85869032  -2.7906661
   -3.82250248]
 [405.27575459  -4.84994455  31.77296263 ...  -6.76112177   3.70609941
    5.7875979 ]
 [402.80429887  -4.95339597  40.87806388 ...   2.40967804  -0.89319061
   -3.60852403]
 ...
 [412.48534449  11.90070122  48.26537382 ...  -2.33040237   8.51278995
    3.93475054]
 [411.82529732   2.6568572   46.05142244 ...   7.46966769   4.93593702
    0.9147671 ]
 [410.9691352    7.60684326  36.55649811 ...  -1.46498753  -1.23909623
   -3.04432296]]","[[ 4.28625791e+02 -1.41840545e+01  2.32699122e+01 ...  4.58658027e+00
  -1.37579040e+01 -2.37780273e+01]
 [ 4.36498686e+02 -9.40665275e+00  1.67672853e+01 ...  1.64881158e+00
  -1.13372612e+01 -2.15910481e+01]
 [ 4.44683352e+02 -6.61421674e+00  1.79229615e+01 ...  3.29295615e+00
   2.76121751e+00 -1.55109339e+00]
 ...
 [ 4.00621804e+02 -8.74865078e+00  3.41236724e+01 ... -4.60329553e+00
  -1.14654628e+00 -8.74943955e+00]
 [ 4.06252909e+02  6.24619541e+00  3.99319983e+01 ...  1.63663223e+00
  -8.24795355e+00 -2.48141559e-01]
 [ 4.04812818e+02  1.38793375e+00  3.82024782e+01 ...  5.28041742e+00
  -2.94113669e-01 -1.71612512e+00]]","[[ 4.10937495e+02  7.93029219e+00  4.14059335e+01 ... -2.30050819e+00
   1.02471157e+01 -9.22555413e+00]
 [ 3.97453334e+02  2.61352477e+00  3.47501345e+01 ... -3.39063554e+00
   2.70506489e+00 -9.51230511e+00]
 [ 4.05008503e+02  9.52618910e+00  2.58353203e+01 ... -3.10351410e-01
   5.78323946e+00 -8.22597927e-01]
 ...
 [ 4.11180742e+02 -1.55471711e+00  2.52820601e+01 ... -5.58875439e-02
   3.23330920e-01 -4.62498720e+00]
 [ 4.10210303e+02  6.38375288e+00  3.87261401e+01 ...  8.58823848e+00
   1.28205964e+00  6.88829480e+00]
 [ 4.25785704e+02  3.91165192e+00  3.36486983e+01 ...  5.66280696e+00
  -3.52196169e+00 -5.09870635e-01]]"
"[[ 8.06575402e+02  5.54255177e+00 -3.83349529e+01 ... -1.81616831e+01
   3.04045018e+00 -1.87056381e+01]
 [ 8.12172199e+02  2.70744838e+00 -4.74183840e+01 ... -1.65903006e+01
  -6.06743825e-01 -1.95797896e+01]
 [ 8.06486592e+02 -3.09840633e+00 -5.73808791e+01 ... -2.23446420e+01
  -8.33950101e+00 -1.95514228e+01]
 ...
 [ 4.19199159e+02  1.13156520e+01  4.21991788e+01 ...  5.13434714e+00
   2.57457495e+00  3.34566387e+00]
 [ 4.01773043e+02 -1.33795196e+00  3.18395631e+01 ...  6.83605720e+00
   2.43883826e+00 -1.74743204e+00]
 [ 4.03165026e+02  2.61349110e+00  4.36856668e+01 ...  6.97849071e+00
  -1.08618407e+01 -7.91613830e+00]]","[[453.56406373   1.14252508  23.46636106 ...  -7.11818538  -2.76770361
   -6.1263701 ]
 [450.92323677   1.92420472  31.77234124 ...  -5.13778442   3.24033442
  -13.11487385]
 [437.33645459   1.82908247  29.76456337 ...  -3.62236854  -2.77558091
   -9.86062602]
 ...
 [416.67936501  -4.74637152  30.92073599 ... -11.32415693  -7.2699289
   15.16644793]
 [418.81966743  -4.11295481  22.61039697 ... -15.8258842  -13.3812475
    8.13159081]
 [421.13226392   0.76953     12.29596552 ...  -9.15200026  -4.68911492
    8.23013144]]","[[470.92014555  -2.10248087  32.1250997  ...   8.1957022    9.8705353
   11.21718732]
 [413.3280391    3.66935054  42.44660606 ...   1.53692012   2.74604493
   15.02626968]
 [418.34325541  10.80957439  49.79085876 ...   7.94880289  -0.88124247
    4.88484735]
 ...
 [411.24943587   6.51865037  39.302616   ...  12.95632586  13.84794306
   11.58831821]
 [413.91409384   6.17929151  32.30716493 ...  -4.07823825   8.27841981
    5.67340094]
 [419.68659777   3.80885022  41.15251503 ...  -4.39118381   1.79473757
    4.64535923]]"
"[[ 4.19932103e+02  8.82266100e+00  4.82362715e+01 ...  1.65186545e+01
   9.12382042e+00  1.52740833e+00]
 [ 4.03737082e+02  9.11702675e+00  5.41189512e+01 ...  6.53137255e+00
   4.05244960e+00 -4.80331210e+00]
 [ 4.06103346e+02  7.48855643e+00  4.98904831e+01 ...  8.91647076e+00
   4.26703857e-02 -1.39176769e+00]
 ...
 [ 6.95088198e+02  4.28223184e+01 -4.80698978e+01 ... -3.32261477e+01
  -1.16764803e+01  1.06828885e+01]
 [ 6.81284291e+02  3.61212553e+01 -4.98728103e+01 ... -3.71794220e+01
  -1.94645360e+01  2.57366668e+00]
 [ 6.70614397e+02  4.68229098e+01 -4.85487328e+01 ... -3.55001167e+01
  -2.22216985e+01  4.24615536e+00]]","[[619.92620064  61.99711297 -26.53177474 ... -21.18029955  -1.10067466
    3.80059203]
 [614.23924948  54.71233506 -32.75800441 ... -18.57875129 -12.7595388
    1.3728022 ]
 [608.33673691  43.052814   -34.31405042 ... -18.94171709 -24.63183435
  -11.52546689]
 ...
 [421.85641385  13.11214445  42.35011955 ...   0.84001664   1.66137405
   14.85231085]
 [417.95752642  11.03462012  53.12364556 ...   7.34389443  15.0832861
   16.16722811]
 [399.39365848   6.78178078  59.10766988 ...   9.77112357  13.26828766
    3.50119381]]","[[ 7.76243894e+02  9.88490358e+00 -7.39421341e+01 ... -2.79960760e+01
   1.90501504e+00  1.62664952e+01]
 [ 7.65371503e+02  9.68763185e+00 -8.23475022e+01 ... -2.97218286e+01
   1.51172212e+00  1.26591359e+01]
 [ 7.52283668e+02  2.91877348e+01 -6.50325524e+01 ... -3.30931723e+01
   9.27800967e+00  9.23494539e+00]
 ...
 [ 3.93497367e+02 -4.07959771e+00  3.07817427e+01 ...  9.16343960e+00
   5.91176773e+00 -6.23468115e+00]
 [ 4.04839180e+02  8.61246021e+00  4.96668400e+01 ... -8.39352051e+00
  -4.65048838e+00 -1.00498433e+00]
 [ 4.05918151e+02  3.86132703e-01  4.42644579e+01 ... -6.16764645e+00
   2.49094789e+00 -1.36664080e+01]]"
"[[ 4.24566024e+02 -4.92639222e+00  1.92113749e+01 ...  7.10094747e+00
  -2.12744671e+00 -7.36461576e-01]
 [ 4.29466676e+02 -7.99763908e+00  2.63490568e+01 ...  9.54644089e+00
   8.76449566e+00  4.22496149e+00]
 [ 4.28492880e+02 -6.62520541e+00  2.31501069e+01 ...  1.30448572e+00
   5.62096403e+00  4.91052393e+00]
 ...
 [ 3.96949676e+02  6.70197046e+00  6.71163155e+01 ...  9.48971953e+00
   1.52062399e+01  1.08231840e+01]
 [ 4.09092189e+02  9.63215288e+00  4.60879202e+01 ... -6.15317439e+00
   8.90665870e-01  1.86672202e+00]
 [ 4.06685029e+02  6.39348273e+00  5.01506235e+01 ...  6.20621092e+00
  -1.95719230e+00  1.59335260e-01]]","[[ 4.85057461e+02  4.88016179e+01  5.58397424e+01 ... -1.53217151e+01
   1.12956314e+01 -4.32831127e-01]
 [ 4.69043586e+02  4.41822395e+01  4.07327749e+01 ...  7.41871479e+00
   1.12657037e+01 -7.49873110e+00]
 [ 4.66262557e+02  3.15316805e+01  3.80945142e+01 ...  6.98893446e+00
   4.03922213e+00 -9.78283847e+00]
 ...
 [ 4.70567342e+02 -5.51385669e+00  3.61704381e+00 ... -1.23106084e+01
  -1.63625968e+01 -1.19481778e+01]
 [ 4.75012401e+02  2.20521035e+00  8.31994360e+00 ... -7.82136889e+00
  -6.88892959e+00  7.67362790e+00]
 [ 4.76084349e+02  2.59798159e+00  9.60480498e+00 ... -7.20634824e+00
  -9.54745631e-01  1.53790683e+01]]","[[ 4.17634194e+02 -1.93665879e+00  2.64896150e+01 ... -1.71358519e+00
  -2.09880657e+00 -6.26922442e+00]
 [ 4.17937005e+02  1.07954951e+01  3.11218584e+01 ... -4.11805293e+00
   1.45169943e+00 -4.24899792e+00]
 [ 4.16131535e+02 -3.43916414e+00  2.80450243e+01 ... -6.50498827e+00
   1.77422244e+00 -4.47481531e+00]
 ...
 [ 4.22321247e+02  1.95428744e+00  3.60291017e+01 ...  7.34237765e+00
   2.11036553e+00  1.10732696e+01]
 [ 4.28928996e+02  9.95635742e-01  4.12964711e+01 ...  6.69057625e+00
   4.97657974e+00  1.58747036e+01]
 [ 4.24970006e+02  4.47797954e+00  3.34322614e+01 ...  1.48620444e-01
   5.32941914e+00  4.92775912e+00]]"
"[[ 4.16805483e+02  9.31059482e+00  4.46667825e+01 ...  1.63374666e+01
   1.36568776e+01  2.62199964e+00]
 [ 4.21018043e+02  2.31910197e+01  5.49343738e+01 ...  7.26705490e+00
   9.05595019e+00 -6.87218993e-01]
 [ 4.12005136e+02  1.20766424e+01  6.12747032e+01 ...  6.20963638e-01
   6.67589410e+00 -3.75397087e-01]
 ...
 [ 4.09448583e+02  1.31082136e+01  4.73470669e+01 ...  7.72262872e+00
   1.12537117e+01  3.88223566e+00]
 [ 4.07705637e+02  8.69896561e+00  3.71458364e+01 ... -1.01088674e+01
   1.20545267e+00 -6.06820971e+00]
 [ 4.07938762e+02  1.39315307e+00  3.72239695e+01 ...  4.40547627e+00
  -1.26459137e+00  4.87898786e-01]]","[[400.19385694  -1.52176951  45.53960121 ...   2.29952049   4.47347167
    2.36921619]
 [401.60715211   6.97736578  44.12219098 ...   7.98752329   8.34490112
    1.06559571]
 [412.66828356  11.6395775   49.62360505 ...  -4.79353909 -11.04020641
   -5.23136386]
 ...
 [423.00115153  11.045766    45.07761425 ...   3.2672771   -0.80935875
    6.95044954]
 [425.26978308  19.09676115  52.91314077 ...   2.46659214   5.2650328
    5.5426005 ]
 [414.50367263  11.56157046  57.39067623 ...   3.32235509   1.72061306
   -5.59606637]]","[[608.28355325 -48.71702425 -39.7608344  ... -35.61720348  -4.31545191
   -4.54664166]
 [653.26192979 -13.22967251 -14.26177438 ... -37.07572537 -16.33203418
   -6.80368905]
 [684.81628737 -17.74093562 -13.86498885 ... -38.46496802 -21.88486434
    1.20783225]
 ...
 [461.1632085    2.76158621  13.19830544 ...  -7.12264107  -9.01352956
   -5.66953052]
 [459.35349958  19.7457226   24.00833594 ...  -4.77561696   3.01520744
   -6.53796595]
 [461.80290152  20.77416504  33.52610581 ...  -3.79767456   5.05813996
   -9.007096  ]]"
"[[441.85898841   5.72465277  43.93613646 ...  13.16172303   9.74483501
   11.41669517]
 [418.62537076   9.64566776  43.91652138 ...   3.19419153   6.03951379
   14.40360188]
 [421.02976478  13.73253769  48.33542218 ...   5.92955278  -0.77998048
    8.29050887]
 ...
 [409.56464097  -2.32351128  39.55435797 ...   8.41152971   9.02159818
    3.8874398 ]
 [411.82649907   9.33198541  51.12495251 ...   6.40947312  -1.05928821
   -2.6720369 ]
 [405.8318114    5.28831294  37.7399172  ...  11.54580568   7.16292079
   10.33529045]]","[[ 4.37257462e+02  4.02219006e-01  3.05445086e+01 ... -6.19075019e-01
   5.43339246e+00  1.31262190e+01]
 [ 4.21858244e+02  5.53903705e+00  4.26001765e+01 ...  4.89626991e+00
  -3.90188477e+00  1.20470237e+01]
 [ 4.14769807e+02  6.37059091e+00  4.35892701e+01 ...  8.26788243e+00
  -7.67666429e+00  4.53162839e+00]
 ...
 [ 4.12629234e+02 -3.12920346e-01  4.36853736e+01 ...  1.14057444e+01
   6.43370483e-03 -6.88279429e+00]
 [ 4.09403884e+02 -6.29493052e-01  4.49851987e+01 ... -4.89908031e+00
   5.44062686e+00  8.39924217e+00]
 [ 4.11632888e+02  1.20956607e+01  4.83838284e+01 ...  2.65734461e-01
  -4.36364220e+00 -7.59197845e-01]]","[[ 4.57705314e+02 -1.60943361e+01  1.64251235e+01 ...  4.23174474e+00
  -1.21114898e-01  1.42290287e+01]
 [ 4.59413068e+02 -2.05437734e+01  1.63749041e+01 ...  5.97899263e+00
   1.05344131e+00  4.26769666e+00]
 [ 4.97332550e+02 -2.61522007e+01  7.63923270e+00 ...  1.29236635e+01
   2.34667001e+00 -8.75737598e-02]
 ...
 [ 4.36352371e+02 -7.11426709e+00  3.26509883e+01 ...  1.75628682e+00
   1.27687998e+01  8.95845718e+00]
 [ 4.36925944e+02  8.29164733e-01  3.70598347e+01 ... -1.56398665e+00
   7.42603789e+00  6.15592217e+00]
 [ 4.34041424e+02 -7.31955072e+00  2.11514524e+01 ... -1.24771378e+01
  -7.23614714e+00  2.18118836e+00]]"
"[[ 6.27297375e+02  5.79215326e+01 -2.76306194e+01 ... -1.27822127e+01
  -1.93640760e+01  8.53024252e+00]
 [ 6.45289606e+02  7.07557681e+01 -5.17901493e+01 ... -1.49098388e+01
  -2.21879848e+01  1.28972178e+01]
 [ 6.54559453e+02  6.70751594e+01 -6.21045648e+01 ... -2.04897912e+01
  -2.32165713e+01  2.11350891e+01]
 ...
 [ 4.65683194e+02  1.47196125e+01  2.27609736e+01 ... -4.52733675e+00
  -9.36842862e+00  6.03423915e+00]
 [ 4.42966151e+02  3.34619469e+00  9.17315120e+00 ... -7.02778175e+00
  -6.23760402e+00 -2.69014292e-01]
 [ 4.48225250e+02  1.65553313e+01  2.39821523e+01 ... -1.00760242e+01
  -1.02122019e+01  1.39840376e+00]]","[[ 4.34626135e+02  4.40137761e+00  3.45875479e+01 ...  6.83966855e+00
   1.02736780e+01  7.40392855e+00]
 [ 4.20253131e+02  1.75990916e+01  5.06793812e+01 ... -4.11245254e+00
   7.41789324e+00 -8.40704793e+00]
 [ 4.00746383e+02  7.16771593e+00  5.12989698e+01 ...  6.88581726e+00
   3.57537404e+00  3.19036040e-01]
 ...
 [ 4.13239585e+02  3.66885917e+00  4.80950851e+01 ... -5.17149067e+00
  -6.87015648e-01 -6.64558969e-02]
 [ 4.19645304e+02 -4.75267922e-02  3.64786415e+01 ... -6.38956612e+00
  -4.09344146e+00 -6.18588492e+00]
 [ 4.28560732e+02  1.46504013e+01  3.90112952e+01 ...  2.84483065e+00
   3.54049404e+00 -1.10156410e+01]]","[[463.02754744 -41.69680013  -3.93309896 ... -15.45543426  -9.69498729
    4.59834214]
 [483.62011107 -15.68955816   9.08338237 ... -11.0724702   -4.09137566
    8.1933659 ]
 [469.33956506 -12.19339134  10.98133464 ...  -6.90494765   1.41776158
    7.1500054 ]
 ...
 [597.9822436  -35.70645155 -26.41494607 ... -23.65467136  16.1075302
   21.33781986]
 [586.82455521 -37.86935773 -33.09798055 ... -24.652558     9.57182051
    3.55487367]
 [603.78305352 -31.65826344 -29.54185194 ... -20.94573768  -0.71430132
    4.49091554]]"
"[[ 3.93432833e+02 -2.86036362e+00  3.67606203e+01 ... -3.90736626e+00
  -2.96994904e+00 -3.69268286e-01]
 [ 4.00289788e+02  4.22317524e+00  3.45685131e+01 ...  1.24810872e+01
   3.77929179e+00 -5.01284419e+00]
 [ 4.05389565e+02  9.68494143e+00  5.03784860e+01 ...  7.33482610e+00
   9.06669089e+00 -1.04219215e+00]
 ...
 [ 3.99835407e+02  5.99401464e+00  6.41028752e+01 ...  1.45998139e+01
   1.10102753e+01 -3.58168813e-01]
 [ 4.03608387e+02  1.50887957e+01  5.18668501e+01 ...  1.38771503e+01
   8.70943750e+00 -1.56025743e+00]
 [ 4.09302608e+02  7.35584643e+00  4.73480673e+01 ...  4.88601098e+00
   5.84875359e+00  1.39246368e+01]]","[[413.92972713 -11.16947021  26.90441301 ...  11.50699445  -4.10473033
   -4.69539563]
 [413.46708603   7.50303982  45.20260075 ...   9.204655    -5.26861488
   -7.53097371]
 [411.89034371  11.17928267  42.53990612 ...   9.62147631   0.66583134
   -2.78484685]
 ...
 [443.82426695 -10.28494701  19.83424519 ...   0.73577663  -6.55083391
    1.36089931]
 [434.7131116  -13.93996909  11.25344056 ...  -4.98014304  -6.19561351
   -3.15858992]
 [428.85688975   5.71056106  28.60601526 ...  -4.26270745  -8.63279397
   10.48940749]]","[[ 4.41895127e+02 -5.47149405e+00  3.36575477e+01 ... -7.63460946e-02
   3.51935245e+00  1.22778942e+00]
 [ 4.51713400e+02 -7.46994561e+00  3.03200532e+01 ...  7.35218826e-01
   7.48582938e+00 -4.46089636e+00]
 [ 4.35681939e+02 -2.14601214e+01  2.48497466e+01 ... -1.21826317e+00
  -6.66535406e-01  1.38940255e+00]
 ...
 [ 5.01628634e+02  5.60028942e+01  9.68492681e+00 ... -1.34916472e+01
  -1.22057291e+01 -1.21147654e+00]
 [ 4.85891225e+02  4.21895854e+01  2.93835717e-01 ... -7.36956091e+00
  -8.57712873e+00  1.19632452e-01]
 [ 4.67257926e+02  3.21264193e+01  8.94706498e+00 ... -2.10484066e+01
  -7.27960472e+00 -4.40539933e+00]]"
"[[415.85811255  -4.13911838  26.33000998 ...   6.83802515   7.4632858
   -2.50838137]
 [422.50699825   8.4850759   40.77995052 ...  -1.46116812  -4.54700994
   -9.80834227]
 [416.60101659   6.47729823  34.53471394 ...   3.12821314   3.50225059
   -1.3246083 ]
 ...
 [406.33490443   1.94154615  43.58528498 ...  12.9431214   -4.25687405
   -7.08632487]
 [399.43365331   7.32689379  46.35129629 ... -12.42695292 -11.4485281
  -10.56462492]
 [412.84821172  19.81783623  60.69764497 ...  -0.47853344  -2.70410202
   -8.47666662]]","[[404.66490148  -5.78629824  49.45993874 ...   2.89128996  -6.09042089
  -13.071831  ]
 [396.41522428  -5.79520633  44.63444457 ...   8.13483502   2.78487004
   -2.83225906]
 [409.29555462   5.01272601  38.7087244  ...  -3.86942992   1.26692297
  -18.45320575]
 ...
 [572.34370048 -56.89677245  -4.7879766  ...  -4.02809212 -13.77745229
  -22.80688523]
 [550.08223808 -54.83566125   2.0461173  ...  -5.19154887 -20.66443944
  -14.81752746]
 [531.72667572 -48.90464666  -5.35054743 ...   4.87891007 -24.37076643
   -7.28573899]]","[[417.17931995  15.85623643  48.26403919 ...   6.64278167   5.67031943
    3.25996785]
 [410.8825275   10.27205095  47.50446759 ...   3.1589494   -7.82574087
   -8.26778888]
 [401.85950324  -1.04084857  38.16380315 ...  -7.23812136  -6.11252247
    1.25475093]
 ...
 [406.08997661  -0.45047618  40.32934428 ...   3.93465778  10.68610629
    8.10995028]
 [405.35379989   4.42384616  43.77685388 ...  12.96514266  13.69466428
    6.79066913]
 [408.69898207 -10.53985381  25.16598953 ...   5.38800936  12.19427145
   10.88869981]]"
"[[ 4.52912075e+02 -1.45439916e+00  1.64383515e+01 ...  5.64974292e+00
  -1.35971610e+01  1.02459648e+01]
 [ 4.43294753e+02 -1.14619571e+01  1.18521464e+01 ...  8.72026645e+00
  -3.13563549e+00  1.40827378e+01]
 [ 4.57466960e+02  3.20911465e+00  2.20800497e+01 ...  2.45936010e+00
  -7.81661054e+00  2.08096460e+01]
 ...
 [ 5.85990681e+02  1.01744870e+02  4.33988490e+01 ... -1.52763789e+01
  -1.25134256e+01 -3.44797525e-01]
 [ 6.12777528e+02  9.01606946e+01  2.47469252e+01 ... -1.87113590e+01
  -1.31984477e+01 -5.11872964e+00]
 [ 6.38079510e+02  8.73983731e+01  1.36285186e+01 ... -1.56430716e+01
  -1.04335689e+01 -3.73296910e+00]]","[[432.28076848  14.30120751  43.96456005 ...   4.19498519  -7.98142429
    0.51073629]
 [415.32228055  12.31369266  45.78137148 ... -14.57950934 -18.2688671
   -7.67514138]
 [405.81398393   6.03501919  36.08791878 ...  -7.69561346 -11.05770621
   -8.36785204]
 ...
 [460.0097711   28.74527612  27.60921631 ...   1.75285632   6.78131009
   -2.86815536]
 [436.69088564   6.99638481  28.67103086 ...  -9.25564275   4.87970037
   -5.94036662]
 [438.91704388  18.37434856  35.29125883 ...   5.66810209   2.21855975
   -4.36225328]]","[[ 4.00435023e+02 -6.94545989e+00  4.43612708e+01 ...  1.09019392e+00
   7.09455504e+00  7.89269725e+00]
 [ 4.04100136e+02  8.71260775e+00  4.10718849e+01 ... -4.77262664e+00
   4.34348822e+00 -2.37587647e-01]
 [ 4.16433873e+02  1.17378060e+01  4.44333705e+01 ...  4.74743536e+00
   8.58544219e+00  2.61110407e+00]
 ...
 [ 4.02803533e+02 -6.62286765e+00  2.15601519e+01 ... -5.69550428e+00
   9.53894454e+00  1.14048823e+01]
 [ 4.18662751e+02  5.44546116e+00  3.98646547e+01 ... -1.01869738e+01
  -2.31879482e+00  4.20143305e+00]
 [ 4.13807726e+02  4.16326720e+00  3.76459810e+01 ...  6.33842984e+00
  -9.15888397e-01  2.60789843e+00]]"
"[[ 6.05454750e+02  7.03248859e+01  1.40679516e+01 ... -1.68578684e+01
  -2.06591189e+00 -1.81598900e+01]
 [ 6.34700232e+02  6.71378562e+01  1.36095948e+00 ... -1.42991711e+01
  -2.73431726e+00 -1.69790279e+01]
 [ 6.48287485e+02  5.55411764e+01 -1.43973095e+01 ... -1.31601196e+01
  -6.37823746e+00 -1.44491143e+01]
 ...
 [ 4.72328686e+02  7.66154325e+01  8.24009118e+01 ... -5.64730390e+00
  -4.80557582e+00 -6.54058590e+00]
 [ 4.86742051e+02  9.36676519e+01  8.32835177e+01 ...  6.63203482e+00
  -6.81016833e+00 -7.43735204e+00]
 [ 4.99612792e+02  8.77991467e+01  7.17220200e+01 ...  5.94390426e-01
  -1.56535320e+01 -8.27549763e+00]]","[[ 4.89694501e+02 -1.11456143e+01  1.03950308e+01 ... -6.17817407e+00
   1.20115729e-01  1.17554332e+00]
 [ 4.45575170e+02  9.73982149e+00  2.79278409e+01 ...  1.86037653e+01
   1.18725508e+01  6.44300603e+00]
 [ 4.31636340e+02  2.26030534e+01  4.48050337e+01 ...  6.89014068e-01
   8.04637688e-01 -9.21984721e+00]
 ...
 [ 4.07402407e+02  6.00692577e+00  3.09243535e+01 ... -2.11696244e+00
   5.69101230e+00 -7.85918817e+00]
 [ 4.14100462e+02  1.05081983e+01  3.78673767e+01 ... -1.42674054e+00
   1.32045140e+01  2.83291858e+00]
 [ 4.13223545e+02 -1.72418176e+00  2.48156792e+01 ...  7.01306533e+00
  -2.14388472e+00 -2.22791338e+00]]","[[ 4.57665859e+02 -5.15356807e+00  2.22657683e+01 ...  8.51355809e-01
   5.25503074e+00  1.41584206e+01]
 [ 4.28163514e+02  1.90033506e+01  4.55706341e+01 ...  1.10480694e+00
   8.34820538e+00  9.73312389e+00]
 [ 4.29702504e+02  1.73804989e+01  4.43519504e+01 ...  8.27666663e+00
   1.80825781e+00  1.03621461e+01]
 ...
 [ 4.17924132e+02  1.72328712e+01  6.10493341e+01 ...  8.53198703e+00
  -7.44088201e-01  1.23125153e+00]
 [ 4.18727176e+02  1.50270820e+01  5.12713135e+01 ...  1.32052513e+01
   2.34035670e-01  1.43063682e+01]
 [ 4.24001625e+02  1.16985535e+01  5.20965431e+01 ...  1.57352053e+01
   8.72832368e+00  1.11180023e+01]]"
"[[ 6.10650324e+02  7.13496194e+01 -1.43932529e+01 ... -7.57580185e+00
  -1.49910746e+01 -9.84109941e+00]
 [ 5.57226854e+02  4.92411692e+01  9.13436257e+00 ... -7.86269555e+00
  -2.45165923e+01 -8.89213736e+00]
 [ 5.48397365e+02  3.11392209e+01  8.60560796e+00 ... -1.97659994e+01
  -2.17664094e+01  8.81671827e-02]
 ...
 [ 4.19772078e+02  1.74923241e+01  5.03103895e+01 ... -9.40730520e+00
  -1.21829836e+01 -9.23653003e+00]
 [ 4.48522874e+02  6.17271339e+01  7.87715181e+01 ... -1.41092101e+01
  -6.16831528e+00 -1.35427013e+01]
 [ 4.89511510e+02  8.78883030e+01  6.59477313e+01 ... -1.02094310e+01
  -4.94308782e+00 -6.65035723e+00]]","[[586.69444404  57.43048457 -40.45096696 ... -14.5384661   -9.08659137
   -0.99397547]
 [594.5308088   61.86657065 -26.4276315  ... -17.4448196   -3.6586043
   -2.81699125]
 [599.24534501  47.68344317 -23.4197448  ... -11.98898606  -2.84928053
   -4.92818709]
 ...
 [555.05861191  49.53683722  19.52024029 ...  -3.69834016   7.28720747
   -7.63209259]
 [545.59093096  41.88584354  18.95579695 ...   0.87017849   9.81516822
  -13.41320699]
 [540.3901635   55.20990281  25.76938734 ...  -3.4287246    2.69912279
  -19.43123561]]","[[ 4.29591421e+02  4.55589848e+00  4.08757678e+01 ...  3.04074087e+00
  -4.37375930e+00 -5.82347917e+00]
 [ 4.08109291e+02  6.64542793e-01  3.87059965e+01 ... -8.25345173e-03
   1.99106247e+00 -1.06565023e+00]
 [ 4.10829743e+02  6.94234170e+00  4.18565528e+01 ...  5.06042210e+00
  -7.09519462e+00 -5.72909238e+00]
 ...
 [ 4.18914902e+02  1.53004137e+01  5.39895324e+01 ...  4.08429926e+00
   1.21851173e+01  1.11695322e+01]
 [ 4.14850311e+02  1.67686663e+01  5.37323547e+01 ...  1.17294263e+01
   1.03854775e+01  1.28723321e+01]
 [ 4.14119408e+02  1.10675183e+01  4.00602506e+01 ...  6.11866577e+00
   2.23996570e+01  9.30883530e+00]]"
"[[401.68467028  -2.31732878  34.90953253 ...  10.36276363   2.93340733
    6.04678671]
 [403.36743182   8.2889685   56.37311646 ...  -5.4413583   -2.20709075
   -0.85052378]
 [409.12688352  10.33163003  44.92915474 ...   1.27019477   5.67471974
    9.1755065 ]
 ...
 [438.17654813   5.85704885  29.67129443 ...  -8.89886948  -9.21673977
    1.49512677]
 [420.33055241   8.29325623  46.63397528 ... -12.29613469  -5.17952275
   -2.67331468]
 [417.10557916   0.69982904  31.31475835 ...  -5.25860247  -1.97400624
    1.0410622 ]]","[[416.05542455   5.23672267  29.72274158 ...  -2.83016975  -3.03554675
   -7.4631757 ]
 [416.35112499   7.11172221  31.27782307 ...   0.98590067  -4.55597478
   -8.37570519]
 [417.87845419  12.51076287  41.18435241 ...   4.73640885   4.36216535
   -9.53377835]
 ...
 [426.9209292   30.77973793  44.35496111 ...  10.00012851   5.67278891
    1.78729865]
 [412.09873474   1.88731715  34.28563245 ...  10.73138519  -1.89351992
    0.45162071]
 [410.03497649  15.30351817  42.85950265 ...   6.81510456   5.38082088
   11.28389836]]","[[527.62822576 -25.21650658 -18.1063852  ... -12.46909297   6.53461607
   21.79092806]
 [550.67780532 -32.51828277 -15.61611473 ... -36.37750557   2.54327023
    6.62958166]
 [567.8218931  -54.23190785 -27.45281041 ... -38.25226109 -12.33039305
    7.8620556 ]
 ...
 [452.23450059   3.54433242  37.7469719  ...   0.88884088  -1.53626381
    8.8882348 ]
 [447.04934188   9.20635776  32.34911657 ...  -2.16058627   2.99967121
   14.42715347]
 [436.91127808  -7.71245219  14.92248123 ...   3.05142614  -5.25272744
    3.64630772]]"
"[[ 4.14577543e+02 -5.30258118e-02  3.46254139e+01 ... -6.86384437e+00
   9.19392604e-01 -2.01485916e+00]
 [ 4.10468557e+02 -5.14566766e+00  3.01218820e+01 ... -7.59373241e+00
  -5.31501687e+00 -3.41169373e+00]
 [ 4.23319115e+02  2.54095749e+01  5.43497100e+01 ...  5.38321932e+00
   5.72255560e+00  2.70527552e+00]
 ...
 [ 4.17548790e+02  1.08284206e+01  3.71576204e+01 ...  4.52346234e+00
   8.88667835e+00 -4.16659512e+00]
 [ 4.28726128e+02  2.10194192e+00  4.01723988e+01 ... -2.02847778e+00
   1.81586046e-01  1.80309885e+00]
 [ 4.15787801e+02 -1.24431145e+00  4.04698004e+01 ...  2.78256644e+00
   3.52842885e+00  6.34841774e+00]]","[[ 6.15347341e+02  7.24188107e+01 -2.00756277e+01 ... -1.50106447e+01
   4.91280711e+00 -2.38360324e+00]
 [ 5.89389290e+02  7.90282308e+01 -2.35985209e+01 ... -1.52522556e+01
   5.99740399e+00  2.09769294e+00]
 [ 5.75506315e+02  7.53656650e+01 -1.56886541e+01 ... -1.01845654e+01
   3.68083054e+00 -2.86043511e+00]
 ...
 [ 4.17049756e+02  1.71586039e+01  5.26625435e+01 ... -1.51823114e+01
  -1.04273270e+01 -8.56208650e+00]
 [ 4.21532314e+02  2.07876371e+01  4.68338229e+01 ... -5.57088103e+00
  -4.76856140e-01  2.99002209e+00]
 [ 4.22968647e+02  1.65072610e+01  4.06942027e+01 ...  1.64169914e+00
   1.69780872e+00 -2.59481522e+00]]","[[ 4.04434330e+02 -1.17479234e+00  3.94204474e+01 ... -1.28193347e+01
   1.11552748e+00  5.31263923e+00]
 [ 3.96078526e+02 -1.19144590e+01  3.48708744e+01 ... -1.10411615e+01
  -6.98319584e+00  6.66511789e+00]
 [ 4.11992707e+02 -1.08226517e+01  2.76566260e+01 ... -1.64059200e+00
  -3.71413816e+00 -1.22376897e+01]
 ...
 [ 3.99314618e+02 -9.09033359e+00  3.67737195e+01 ... -1.09315152e+00
   1.28746272e+01  7.48047954e+00]
 [ 4.01379940e+02  2.40791254e+00  4.04456134e+01 ... -1.24083724e+00
  -1.61798482e+00  5.03489036e+00]
 [ 4.12120985e+02  6.36078023e+00  4.23375605e+01 ...  2.20113836e-01
   1.08310195e+00 -2.72687644e-01]]"
"[[631.86091137  63.48211205  -7.58489588 ... -24.69141116 -12.77528087
   -2.22485649]
 [643.8899475   74.85918919 -14.69768982 ... -16.75503633  -1.37420006
   -7.89024408]
 [660.87753825  68.36354482 -25.19522148 ... -15.73667838  -6.36243509
   -4.96129231]
 ...
 [666.64203873  61.81427656 -66.65574962 ... -33.74876543 -14.77870264
    4.48755119]
 [666.38432755  69.29114305 -63.38696917 ... -32.98371489 -14.91308598
    6.69974471]
 [672.29827197  68.30633382 -54.73055907 ... -31.78371506 -10.75199416
    5.72599734]]","[[ 4.50815667e+02  6.32101226e+00  3.62688412e+01 ...  7.95479989e+00
   8.56265109e+00 -4.55544185e-01]
 [ 4.15608035e+02  2.50643768e-01  4.62384429e+01 ...  8.32620834e+00
   1.00007244e+01  2.12435435e+00]
 [ 4.19214164e+02  9.09643005e+00  4.19514135e+01 ...  1.74948742e+01
   5.01237780e+00  9.28881213e-01]
 ...
 [ 4.15464664e+02  7.29637674e+00  4.81520014e+01 ...  6.54073012e+00
   8.59823310e+00 -2.21796895e+00]
 [ 4.23861604e+02  1.70125154e+01  4.91139418e+01 ... -1.96778988e+00
   4.81667794e+00  9.46660983e+00]
 [ 4.08136300e+02 -1.69928426e+00  4.60776388e+01 ...  1.77588674e+01
   9.65441496e+00  3.53711103e+00]]","[[ 4.62579578e+02 -2.11505781e+01  2.77355168e+01 ...  2.87702140e+00
  -1.52391380e+00  1.56215345e+01]
 [ 4.67407296e+02 -8.15895816e+00  3.47124514e+01 ...  4.25156520e+00
   2.51823660e+00  1.68965717e+01]
 [ 4.63432230e+02 -2.50967173e+01  3.18644145e+01 ...  2.70306510e+01
   1.06165374e+01  1.37096813e+01]
 ...
 [ 4.09105006e+02  2.63379913e+00  4.56710198e+01 ...  1.92359369e+00
   7.04710580e+00 -3.43271848e+00]
 [ 4.04963285e+02  7.72905789e+00  3.93554384e+01 ...  1.35395011e+00
  -3.32941086e-02  5.41331184e-01]
 [ 3.94424545e+02 -7.16570018e+00  3.76808554e+01 ... -1.46106462e+00
   4.53826636e+00  4.91855064e+00]]"
"[[718.00826553  34.3757602  -70.01693314 ...  -3.28531458 -20.11413184
  -27.41163319]
 [721.3526651   40.5804482  -69.42488027 ...  -8.23995421 -24.97392691
  -20.46897975]
 [718.5177974   33.41541696 -68.77712186 ...  -9.12528014 -26.81569979
   -7.08752364]
 ...
 [416.10196616  16.60550204  41.90835823 ...  -1.65461122  -2.18322833
  -12.73006724]
 [410.53991129  17.33080226  61.19142518 ...   8.00817564  10.91842396
   -3.53784143]
 [410.03672715  11.49410217  43.63998623 ...   2.98494925   2.38708939
   -2.3408127 ]]","[[ 4.09140360e+02  7.33078206e-01  5.05642131e+01 ... -5.13655923e+00
  -9.76075997e-02 -2.58935998e+00]
 [ 4.02013813e+02 -1.78108732e+01  2.45115042e+01 ... -2.44728800e+00
   5.20642389e+00 -8.50911248e+00]
 [ 4.13369426e+02 -5.75029450e-01  3.20606042e+01 ...  1.26154105e+01
   6.16725083e+00 -6.86397114e+00]
 ...
 [ 4.18684748e+02  7.44318734e+00  3.60639298e+01 ...  6.22404731e+00
   8.39249841e+00 -2.13607499e+00]
 [ 4.15814086e+02  4.83399429e+00  4.41317421e+01 ...  9.17930373e+00
   8.57851981e+00 -2.26786438e+00]
 [ 4.25501711e+02  1.46043084e+01  4.45490852e+01 ...  1.46096123e+01
   9.45006097e+00  3.08998761e+00]]","[[ 4.90366703e+02  3.38041843e+01 -4.25338104e+00 ... -5.05033812e+00
  -1.14294624e-01 -1.48192954e+00]
 [ 4.69375942e+02  2.56736354e+01  7.54202535e+00 ...  3.03522383e+00
  -3.72819100e+00  1.79437742e+00]
 [ 4.45951988e+02  1.70692689e+01  1.03727240e+01 ... -1.55724298e+01
  -1.95410846e+01 -8.26509182e-01]
 ...
 [ 4.23640671e+02  9.43845825e+00  4.36295098e+01 ... -1.02853919e+00
   2.38171850e+00  7.80621343e+00]
 [ 4.25648336e+02  4.53582375e+00  4.46319933e+01 ... -4.25181771e+00
  -8.60737026e+00 -3.03553268e+00]
 [ 4.15192526e+02  3.46488359e+00  4.07492425e+01 ...  9.75114115e-01
  -3.20063840e+00  6.66129094e+00]]"
"[[ 4.34025424e+02  1.79357045e+00  4.21186441e+01 ...  1.89523468e+00
   3.38183171e+00 -4.16480184e+00]
 [ 4.00262175e+02  5.42379426e-01  4.22897040e+01 ... -3.05623046e+00
  -5.27395883e+00 -5.74205764e+00]
 [ 4.15516567e+02  1.84174323e+01  5.22805339e+01 ... -9.82077323e-01
  -1.02476849e+01 -5.89130717e+00]
 ...
 [ 4.21494977e+02  5.46356294e+00  2.96703939e+01 ... -7.03660041e+00
   3.61843294e+00  4.17033828e+00]
 [ 4.36597706e+02 -2.51227756e+00  4.17449105e+00 ...  2.45447084e+00
   1.20508275e+00 -1.77398413e+00]
 [ 4.91318313e+02 -4.01379788e+01 -1.12580693e+00 ...  1.50901162e+01
   1.10086238e+01 -2.31326535e-01]]","[[ 4.08717091e+02 -5.96865011e+00  3.21172559e+01 ...  9.26159889e+00
   9.24221269e+00  7.11267156e+00]
 [ 4.11957340e+02 -5.42699062e+00  2.20739732e+01 ... -1.50363027e+01
  -1.84844565e-03  3.04363750e+00]
 [ 4.14660924e+02 -8.09434044e+00  1.92716878e+01 ... -2.07565668e+01
  -7.72850377e+00 -1.18413079e+01]
 ...
 [ 5.85582420e+02  6.43848801e+01 -8.66458810e+00 ...  1.15499598e+01
  -1.89726300e+01  8.59153816e+00]
 [ 5.85346457e+02  7.61145356e+01 -2.24448775e+01 ...  1.36847809e+00
  -8.39799380e+00  1.43817932e+01]
 [ 5.87885950e+02  8.36354331e+01 -2.12324102e+01 ...  1.23959602e+00
  -1.03027729e+00  2.34335481e+01]]","[[425.34098955  10.17583885  38.81474547 ... -15.65707112 -11.28610295
    1.29628594]
 [416.50376758   2.33119033  31.75747781 ...  -1.34086651  -3.15843859
  -10.82701947]
 [411.56198436   2.01265082  38.8820692  ...  -8.09195038  -9.5004908
  -18.34519321]
 ...
 [408.88652064   3.34224205  43.03054818 ...  -1.99658561  -3.24878169
   -1.23506743]
 [401.84335472   1.07445376  39.43674576 ...  -1.26611241   1.95744741
  -13.96099844]
 [399.41513387   1.54797806  43.24460731 ...  15.03949904   9.09072364
   -0.46346755]]"
"[[ 6.42244497e+02  5.60102666e+01 -4.70606383e+01 ... -4.19994133e+01
  -1.80748044e+01  1.16572426e+01]
 [ 6.31833460e+02  4.88460032e+01 -3.02452024e+01 ... -4.13842335e+01
  -1.87178793e+01  1.41362758e+01]
 [ 6.11766263e+02  5.20335178e+01 -1.03066725e+01 ... -4.13005038e+01
  -2.14572984e+01  1.38409657e+01]
 ...
 [ 4.35643510e+02  6.08262931e+00  4.18496039e+01 ... -7.17530066e+00
  -2.18923726e-02 -1.97003561e+00]
 [ 4.20808174e+02  1.43159234e+01  5.07587338e+01 ...  1.62087231e+00
   9.15349786e+00  5.79613769e+00]
 [ 4.31820111e+02  2.20547197e+01  4.29494330e+01 ...  5.22542564e+00
   1.34543889e+00 -4.34462403e+00]]","[[ 5.80043953e+02  2.59122315e+01 -1.03599009e+01 ... -1.55158034e+01
  -1.74361674e+01 -3.34434049e+01]
 [ 5.84377917e+02  3.76723993e+01  4.76869187e+00 ... -8.98917772e+00
  -9.05757283e+00 -1.86568188e+01]
 [ 5.61831668e+02  4.19218951e+01  9.56479263e+00 ... -7.25655658e+00
  -4.68375488e+00 -1.63103369e+01]
 ...
 [ 4.15704911e+02  2.93952602e+00  2.84569227e+01 ...  1.22439785e+01
   8.06817991e+00  1.08649960e+01]
 [ 4.07208056e+02  2.09117338e-01  3.74380781e+01 ...  2.01931099e+00
   4.23431177e+00  1.04217576e+01]
 [ 3.98929041e+02 -2.02406172e+00  3.59749115e+01 ... -8.79273231e+00
  -3.13463735e+00  5.46275438e+00]]","[[397.67518728 -10.85154378  45.55968996 ...  21.98405995  13.07378863
    0.85912884]
 [404.43124046  -4.28560794  39.19860393 ...  11.98496179  13.83539711
    0.77929622]
 [401.90019505   1.60894393  54.22109763 ...  13.37364446  21.30802885
    4.77929256]
 ...
 [419.95016591   1.72369859  30.48835533 ...   0.64589658  -1.88616312
    9.16730985]
 [413.44996012   1.39833923  38.99189732 ...   1.90459759  -6.13392038
    1.98609673]
 [407.87250782  -4.79003154  24.31163983 ...   3.02132717   6.56848166
   13.5680628 ]]"
"[[475.25285176 -22.85225364  12.32731155 ...  -4.11958968 -28.39412357
   -2.16923734]
 [467.55823741  -9.83313326  20.22754192 ...   4.69390901 -18.23901317
   10.97204808]
 [477.08950782   8.67878692  28.32230644 ...   4.61508288 -19.66978131
    4.52086651]
 ...
 [697.39596784  54.97927852 -37.4481111  ... -13.87122323 -24.00007537
   -5.32340415]
 [706.19194361  51.18508469 -34.04419401 ...  -7.70601044 -24.20149299
   -8.65723871]
 [724.68945492  49.31289582 -40.55014696 ...  -9.05245342 -19.52260885
   -8.98261283]]","[[ 4.26178370e+02  1.27060621e+01  4.96747806e+01 ...  8.65984629e+00
  -2.52046666e+00 -1.10642615e+01]
 [ 4.22157688e+02  7.23291794e+00  4.47754261e+01 ...  1.02084371e+01
  -3.99431528e+00 -5.35328121e-01]
 [ 4.01362274e+02 -5.18771872e+00  4.94719853e+01 ...  4.71682041e+00
  -4.55584387e+00 -6.60095712e+00]
 ...
 [ 4.17130042e+02  3.83880452e+00  2.88719733e+01 ... -5.11860321e+00
  -4.00773760e+00 -4.02583299e-01]
 [ 4.28686053e+02 -6.11037206e+00  2.19675477e+01 ... -5.18982086e+00
  -4.54304208e+00  6.11165448e+00]
 [ 4.15464027e+02 -9.66465784e+00  1.25272521e+01 ... -5.30644601e-01
  -1.07387363e+01 -1.08490726e+01]]","[[ 4.31178439e+02 -7.71606230e+00  3.54982299e+01 ...  1.52762281e+01
   1.12615911e+01  1.10057073e+01]
 [ 4.16337776e+02  1.63150576e+01  6.32896490e+01 ... -9.74850082e-01
   5.57620675e+00  5.94931518e+00]
 [ 4.06297614e+02  7.51856432e+00  5.77634070e+01 ...  9.09609383e+00
   8.74264228e+00 -1.05001460e+00]
 ...
 [ 4.96968654e+02 -4.23370061e+01  2.47061090e+01 ...  1.30579290e+01
   6.23435022e+00  9.92098356e+00]
 [ 4.76741085e+02 -2.96420562e+01  2.66205409e+01 ...  3.68584781e+00
   2.77387232e-01 -3.49687660e+00]
 [ 4.22673237e+02 -1.19111288e+00  4.14573262e+01 ... -1.61226798e-01
   8.50406798e+00 -8.16497558e-01]]"
"[[536.30979549  85.2397791   57.11876246 ...  -3.89309107   2.46574151
   10.59139561]
 [535.28957228 105.52146579  54.06633636 ...  -7.41565052  -3.23452507
    4.57844634]
 [559.84173246  95.89318852  30.94343686 ... -17.14549651 -18.38672879
   -1.83881638]
 ...
 [410.87212565  11.65488636  49.06806997 ...   7.2141166    4.58469875
    5.47499006]
 [405.47822716   0.96067415  42.26579324 ...   7.8998241    7.88522596
    8.5851335 ]
 [409.19689578   4.92377515  41.61677932 ...  15.67179143  10.49306223
   12.93214848]]","[[ 4.18687243e+02  4.82303479e+00  3.38343736e+01 ... -3.66460028e+00
  -2.61843565e+00 -1.21218775e+00]
 [ 4.15203267e+02  3.45843711e+00  3.98061987e+01 ...  2.67269224e+00
  -1.19592258e+00  7.63087721e-01]
 [ 4.03444563e+02 -6.90031965e+00  3.59407335e+01 ... -3.84815246e-01
  -5.29604401e+00 -2.58168545e+00]
 ...
 [ 5.22009900e+02 -9.13411689e+01  4.20117994e+01 ... -1.11546368e+01
  -1.48772682e+01 -3.64171054e+00]
 [ 5.45881988e+02 -5.91438217e+01  2.66517604e+01 ... -4.12906347e-01
  -1.72804834e+01 -7.48304775e+00]
 [ 5.44533177e+02 -5.58933228e+01  1.83652798e+01 ...  2.39970058e+00
  -1.81052348e+01 -3.78721328e+00]]","[[ 4.36653301e+02  1.23911700e+01  3.41714016e+01 ... -7.24926464e+00
  -4.46298028e+00  7.19925158e-01]
 [ 4.23180079e+02  1.39473360e+01  2.99964418e+01 ... -8.97192692e+00
  -1.63355069e+01 -3.72163771e+00]
 [ 4.44299867e+02  2.66126252e+01  4.38887014e+01 ...  6.51694941e+00
   4.69654424e+00  5.60845810e+00]
 ...
 [ 4.35845950e+02  2.16113890e+01  4.65973903e+01 ...  5.68214529e+00
   1.24997144e+01  8.42496977e+00]
 [ 4.27273559e+02  2.13025452e+01  4.78165313e+01 ...  8.50790944e+00
   2.28711402e+00  7.95069949e-01]
 [ 4.27023047e+02  1.33683958e+01  3.50091175e+01 ...  3.38401475e+00
  -4.18660139e-01 -4.72366583e+00]]"
"[[ 5.11476731e+02  4.74450964e+01  7.45356333e+00 ... -2.60284014e+01
  -2.33786700e+01  3.08647077e-01]
 [ 6.13257091e+02  3.83374236e+01 -8.29758873e+00 ... -3.07051252e+01
  -1.11692842e+01  1.09188010e+01]
 [ 6.18612126e+02  5.45926264e+01 -6.38971129e+00 ... -1.64358565e+01
  -6.70692562e+00  6.54869382e+00]
 ...
 [ 4.06328781e+02 -6.38952457e+00  3.55503238e+01 ...  6.19475152e+00
  -2.05768967e+00 -5.78111197e+00]
 [ 4.14813423e+02  1.53214818e+01  5.69746887e+01 ... -1.44424351e+01
  -7.20602398e+00 -2.37427611e+00]
 [ 4.39978719e+02  4.49849268e+01  6.88059220e+01 ... -2.59600704e+01
  -5.59129060e+00 -5.39724329e+00]]","[[ 4.84055728e+02 -1.92842138e+01 -3.52218621e+00 ...  1.23588028e+01
   7.85052382e+00 -1.37158133e+01]
 [ 4.86814630e+02 -2.12586907e+00  7.71267926e-01 ...  1.97742593e+01
  -1.89645758e-01 -4.58308405e+00]
 [ 4.90585743e+02  4.19368751e-01  3.82114700e+00 ...  9.59349335e+00
   5.03326733e-01 -1.07258408e+01]
 ...
 [ 4.08413827e+02 -3.24041688e-01  3.73676494e+01 ...  7.04367858e+00
  -1.89806106e+00 -7.09673978e+00]
 [ 4.11067319e+02  2.39394998e+00  3.71193599e+01 ...  2.14626042e+00
   2.68392015e+00 -2.83183335e+00]
 [ 4.14137667e+02  8.66565423e+00  3.58137109e+01 ... -6.91801066e+00
  -2.69082100e+00 -1.21549367e+01]]","[[ 4.41053949e+02 -1.62606870e+01  1.89308810e+00 ... -2.75503817e+00
   8.25482649e-01  6.76733489e+00]
 [ 4.35259140e+02 -4.16903718e+00  3.01663831e+01 ... -4.54658259e+00
  -3.43190901e+00  2.02012063e+00]
 [ 4.65483085e+02 -1.11700996e+01  1.23655026e+01 ...  6.12553963e+00
   2.26763517e+00  2.30791400e+01]
 ...
 [ 4.96234549e+02 -5.90987213e+00  6.21753146e+00 ...  3.28835171e+00
  -1.03896595e+01  4.68172381e-01]
 [ 4.93440609e+02 -1.01576114e+01  6.61354538e+00 ...  2.65836210e-01
  -8.36921970e+00  9.60054606e+00]
 [ 4.93019735e+02  5.17941444e-01  1.58475686e+01 ... -4.17607239e+00
  -4.57447074e+00  1.17503709e+01]]"
"[[ 3.95358475e+02  6.26698010e+00  5.95913115e+01 ... -1.20100591e+01
  -2.41585450e+01 -1.20621916e+01]
 [ 4.01898718e+02  1.79221613e+00  5.14465280e+01 ...  1.26486100e+01
  -4.35239414e+00 -9.01162999e+00]
 [ 4.10852608e+02  8.04344615e+00  5.44674919e+01 ... -2.85661900e+00
   2.33128459e+00 -6.40569117e+00]
 ...
 [ 4.88111828e+02 -2.76977585e+01  6.34206510e+00 ... -2.29526760e-01
  -2.35098262e+01  3.61541879e+00]
 [ 4.95956859e+02 -3.12363255e+01  3.15862835e+00 ...  5.73594738e+00
  -2.31234503e+01 -7.05358695e+00]
 [ 4.98546214e+02 -2.04254580e+01  1.98760985e+00 ...  1.03140104e+01
  -2.11953486e+01 -1.45909563e+00]]","[[ 5.23535438e+02 -5.81128115e+01  9.46482943e+00 ...  1.31863435e+01
  -1.43454343e+01 -1.29755006e+01]
 [ 5.26987682e+02 -3.72567476e+01  8.37000699e+00 ...  6.22925868e+00
  -2.46977986e+01 -1.22313696e+01]
 [ 5.53201770e+02  8.11671411e+00  1.36382076e+01 ... -3.06429135e-01
  -1.81108768e+01 -3.78264136e+00]
 ...
 [ 4.29905473e+02  1.20963669e+01  3.22862811e+01 ... -1.13263168e+01
   5.78277792e+00 -6.13710968e+00]
 [ 4.16189997e+02  4.63443915e+00  3.09354411e+01 ... -1.29898847e+01
  -6.15726723e+00 -1.11661711e+01]
 [ 4.09712182e+02 -2.62582899e+00  3.63345325e+01 ... -6.61343698e+00
   1.25685707e+00 -7.57649810e+00]]","[[ 4.46418977e+02  4.59398432e+00  3.62655189e+01 ...  1.87713599e+00
   1.68409414e+00 -2.32082576e+00]
 [ 4.28143835e+02  1.85865665e+01  4.26564444e+01 ...  1.03101210e+01
  -4.13034754e-01  1.24112642e+00]
 [ 4.25903761e+02  5.57068906e+00  3.70125641e+01 ...  1.09117600e+01
   1.14118418e+01  4.72364809e+00]
 ...
 [ 4.09254645e+02 -3.99387819e+00  4.44263775e+01 ...  7.42906199e+00
   7.73154402e+00  1.02341896e+01]
 [ 4.14683932e+02  6.97449981e+00  5.13523219e+01 ...  1.42846713e+01
  -3.77702725e+00 -7.17817022e+00]
 [ 4.04468341e+02  1.14975789e+01  4.98471165e+01 ... -4.68673473e+00
  -6.64858026e+00 -6.51078253e+00]]"
"[[ 4.41494472e+02 -1.06457817e+00  3.05914063e+01 ... -3.47083205e+00
  -1.75712483e+01  1.80699670e+00]
 [ 4.56287698e+02 -1.21925525e-01  1.69013681e+01 ...  4.61942257e+00
  -9.32159283e+00  9.28344506e-01]
 [ 4.41142364e+02 -1.24904767e+01  1.10086283e+01 ... -4.64791319e+00
  -1.01364869e+01  6.03140491e+00]
 ...
 [ 5.00094084e+02  1.76056093e+01  1.10464571e+01 ... -2.85551531e+01
  -1.43062719e+01  4.33680106e+00]
 [ 4.83824666e+02  1.17082823e+01 -4.27253321e+00 ... -2.81162859e+01
  -1.90963224e+01  2.27506919e+00]
 [ 4.62512978e+02 -1.35519025e+01 -5.89835695e+00 ...  2.99018799e+00
   1.88706580e+00  9.72764484e+00]]","[[410.64115313  10.28073746  46.80545047 ...  -3.80141145   0.52529287
    0.60585141]
 [407.50412518   8.34446937  50.9722673  ...  -8.03771505 -12.44344112
   -1.14690056]
 [400.93453213 -18.12706777  28.73959176 ...  -5.71275555  -3.72288737
    0.91419382]
 ...
 [413.63283182  11.73149861  43.49301289 ...   4.68003885   2.87517641
   -6.13778931]
 [428.78445503  14.97747084  55.49818177 ... -14.16078502 -11.27869208
    2.14576271]
 [422.68256822  13.30605176  55.31080909 ...  -6.23541929   1.80661591
    1.47189556]]","[[516.65546406 -45.31115615  19.00441118 ...   9.98189099   1.57064308
  -19.44881199]
 [475.50230982  -9.22580831  27.48983796 ...  19.35046089  15.5409559
   -5.95165058]
 [447.15719267 -10.19527083  21.29438948 ...   6.39587644  12.1943564
   -3.03173335]
 ...
 [426.35246397   2.72778732  41.23064596 ...  14.76837636   2.3887449
   11.50225217]
 [430.30068836  13.43142693  42.91983565 ...  25.81918851   8.65516195
    4.85893837]
 [417.40694306  -1.75153205  36.56024684 ...   8.27344701  10.16901646
  -10.38325958]]"
"[[ 3.97095824e+02  7.51133611e-02  4.29281644e+01 ...  5.51342605e+00
   4.35300240e+00 -2.68624090e+00]
 [ 3.98452272e+02 -9.38991986e+00  3.41052372e+01 ...  1.12119726e+01
   8.58781663e+00 -3.02119956e+00]
 [ 4.01831946e+02 -5.45359014e+00  3.21943234e+01 ... -3.83177129e+00
  -5.14680323e+00 -8.56267226e+00]
 ...
 [ 4.04225197e+02  1.34364681e-01  4.34453650e+01 ... -7.99645103e-01
   1.59528647e+01  9.70388290e+00]
 [ 4.11496400e+02  9.83047879e+00  4.71715599e+01 ...  4.67497944e-01
   7.32873162e+00  5.19103192e+00]
 [ 4.14250206e+02  8.44919953e+00  4.93611936e+01 ...  1.22859531e+01
   5.87806972e+00  7.19113021e+00]]","[[ 7.41125731e+02  1.56055024e+01 -9.69536374e+01 ... -3.28619790e+01
   3.39980769e+00 -2.44461783e+01]
 [ 7.34157741e+02  1.06145459e+01 -1.03971802e+02 ... -4.32037869e+01
   1.62265345e+00 -2.50865779e+01]
 [ 7.32737336e+02  4.21072393e+00 -1.07574091e+02 ... -4.43745324e+01
  -1.91674730e+00 -1.86180095e+01]
 ...
 [ 4.16718215e+02  8.84441086e+00  4.69645349e+01 ...  7.60534723e+00
   1.52440874e-01 -6.11696000e+00]
 [ 4.09451100e+02  4.82611045e+00  3.94821327e+01 ...  7.75424410e+00
   2.30840093e+00 -6.79634091e+00]
 [ 4.05339494e+02  7.25540340e-01  2.95399807e+01 ...  6.30029457e+00
  -1.19367168e+00 -9.60795228e+00]]","[[ 4.06304328e+02 -9.84099355e+00  3.10378474e+01 ...  1.39463029e+01
   1.49007182e+01  9.03047395e+00]
 [ 4.15468431e+02  1.24851761e+01  6.08520144e+01 ...  1.60898030e+01
   1.61732654e+01  1.00774583e+01]
 [ 4.12245398e+02  2.60391297e+00  3.76338134e+01 ...  6.20520163e+00
   4.55152274e+00 -3.21024738e+00]
 ...
 [ 4.07009379e+02 -2.21407998e+00  4.31081091e+01 ... -1.83439942e+00
   2.76986015e+00 -1.45292820e+00]
 [ 4.09095409e+02  3.45538449e+00  5.09990442e+01 ... -5.17056568e+00
   4.15309904e+00  3.06261221e-01]
 [ 4.10237509e+02 -3.86610883e+00  4.29780228e+01 ...  5.50692757e+00
   2.64704670e+00 -1.67562996e+00]]"
"[[ 4.15267147e+02  1.35530166e+01  3.11402176e+01 ... -1.38875083e+01
  -7.95375364e+00 -1.16951780e+01]
 [ 4.19497298e+02  1.21575796e+01  4.62087244e+01 ... -3.02532223e+00
   4.13514374e+00  5.12199011e+00]
 [ 4.09654062e+02  1.50529693e+01  4.64177390e+01 ... -1.81899096e+00
   3.84730563e+00 -7.62336676e+00]
 ...
 [ 4.14539193e+02  2.57047200e+01  5.87419801e+01 ...  5.95721474e+00
   1.37100029e+01  8.60832490e+00]
 [ 4.13346686e+02  2.19775575e+01  5.22751541e+01 ... -2.18676826e+00
  -3.22568939e-01  8.86350810e+00]
 [ 4.08717994e+02  2.18104431e+01  6.59965404e+01 ...  8.79422000e+00
   7.11596974e+00  7.21371243e+00]]","[[ 7.90223787e+02 -1.48905584e+01 -7.77622924e+01 ... -4.53380396e+01
  -1.42796634e+00 -5.87263479e-01]
 [ 7.68015628e+02 -1.84412100e+01 -7.14231835e+01 ... -4.67725232e+01
   2.05741221e+00  3.22205031e-02]
 [ 7.44624088e+02 -1.02373784e+01 -6.00120419e+01 ... -3.72835904e+01
  -3.95974599e-01  7.62746908e-01]
 ...
 [ 5.32018487e+02 -9.17991808e+01  6.71771731e+01 ...  7.20080806e+00
  -5.97529724e+00  4.48156421e+00]
 [ 5.31093457e+02 -8.05432126e+01  6.48058493e+01 ... -1.45741118e+01
  -1.13720584e+01  3.88093530e+00]
 [ 5.08615440e+02 -7.68385987e+01  8.01430672e+01 ... -4.35678263e+00
  -5.28652882e+00  5.08687741e+00]]","[[ 4.20872389e+02  8.24492229e+00  3.87536905e+01 ... -1.68326601e-01
  -2.95506765e+00  1.63470938e+00]
 [ 4.08411095e+02  1.68253343e+00  3.61356012e+01 ... -2.19536093e+00
  -8.69909629e+00  8.89738795e+00]
 [ 4.21244468e+02  2.26172026e+01  4.52411717e+01 ... -1.36993824e+01
  -3.81090093e+00  8.39991223e+00]
 ...
 [ 7.80808723e+02 -1.12020768e+01 -9.83817206e+01 ... -2.90996330e+01
  -1.57072120e+01  5.80550442e+00]
 [ 7.69270890e+02 -5.83476307e+00 -9.96851874e+01 ... -2.97371530e+01
  -1.40543391e+01  4.35645268e+00]
 [ 7.46080434e+02  5.13166246e+00 -9.80979237e+01 ... -3.41063975e+01
  -1.81153058e+01 -4.23550278e+00]]"
"[[437.78620923 -15.77132239  23.0907374  ...   0.63947529  -3.9778225
   -3.23188795]
 [425.16584233 -19.65529929  23.76824981 ...   4.70255662   2.31087378
    4.07402501]
 [448.13234562   4.05881057  34.40772333 ...   9.50370992   3.29618623
   -3.21704843]
 ...
 [414.06604833   8.28981494  51.7857042  ...  -4.25312356   1.742721
   -0.93716848]
 [410.76309083  10.59433645  41.40033872 ...  -3.05185263   7.64778486
    8.66026739]
 [409.60330157   5.25911558  43.80602519 ...  -9.22661053  -8.88435684
   -5.79953494]]","[[ 4.45204645e+02  8.97247169e+00  2.61138982e+01 ... -5.58528760e-01
   5.49672677e+00  2.12393799e-01]
 [ 4.37798218e+02  1.40044464e+01  3.08492606e+01 ...  7.37009972e+00
   6.83140181e+00  4.55664530e+00]
 [ 4.16781568e+02  6.93661451e+00  2.65829853e+01 ... -3.35085775e+00
   3.11612657e+00 -2.96403304e+00]
 ...
 [ 7.34918346e+02  2.44634120e+01 -7.64315762e+01 ... -3.71627240e+01
  -4.75176879e+00 -1.34540158e+01]
 [ 7.53404411e+02  3.03690477e+00 -8.88750369e+01 ... -4.12064385e+01
  -7.82035966e+00 -1.07601637e+01]
 [ 7.79071694e+02 -3.96964384e+00 -9.14450290e+01 ... -4.38420195e+01
  -9.16302303e+00 -7.54770052e+00]]","[[ 4.11891700e+02 -1.22819139e+01  3.19109153e+01 ... -5.79606853e-01
   5.14817740e+00  2.26166726e-01]
 [ 4.21902002e+02  3.33524127e+00  3.25214777e+01 ... -2.37097743e+00
   1.28918508e+00  1.22524237e+00]
 [ 4.20714190e+02  2.69992095e+00  3.85719583e+01 ...  5.93738338e+00
   9.62231177e+00  9.67504367e+00]
 ...
 [ 4.09642705e+02  3.38289671e+00  4.48099320e+01 ... -2.00658328e+00
  -7.30440062e+00 -9.56143684e+00]
 [ 4.20597168e+02  9.11187482e+00  4.83197511e+01 ...  1.13983594e+00
   7.35859438e+00 -2.93037408e+00]
 [ 4.11897325e+02  5.86490132e+00  4.15896442e+01 ...  2.10486802e+00
   4.46392738e+00 -5.86788229e+00]]"
"[[ 4.19521778e+02  1.25595221e+01  3.87042634e+01 ... -4.27723933e+00
   2.53801298e-01  3.48810895e+00]
 [ 4.26816841e+02  2.02999568e+01  5.46097911e+01 ... -3.26132349e+00
  -1.07081722e+01  7.20198148e-01]
 [ 4.19152476e+02  8.89059548e+00  5.01412338e+01 ... -1.41515591e+01
  -1.41980808e+01 -5.55168589e-01]
 ...
 [ 6.66833542e+02  5.58819946e+01 -3.99942362e+01 ... -9.57896775e+00
  -4.02415476e+00 -1.99411503e+01]
 [ 6.72677456e+02  5.65751554e+01 -4.72114577e+01 ... -4.20925840e+00
  -7.26495516e+00 -2.43876756e+01]
 [ 6.76015826e+02  5.00717767e+01 -5.05653965e+01 ... -3.72859232e+00
  -1.06625962e+01 -2.12531137e+01]]","[[412.3631479    4.30598092  39.69689873 ...   2.64781297 -10.26942089
   -9.76500861]
 [405.87187128  14.10263378  49.51937041 ...   5.59656752  -6.70108299
  -15.12545027]
 [404.44872117   3.08727814  30.13068476 ...   1.98361645 -13.66963603
   -7.0837088 ]
 ...
 [418.41453894  14.54783003  51.68660613 ...  -1.87491849   1.66728985
    2.32750721]
 [408.19697694   4.68993752  42.73025336 ...   2.87684493  -9.49922581
   -5.97612659]
 [415.32313802   6.87508919  51.9361267  ...  -3.33047767  -4.89012969
    1.01050854]]","[[ 4.23143090e+02 -1.60511121e+01  2.51895820e+01 ... -4.53483071e+00
  -7.15605286e+00 -9.80043389e+00]
 [ 4.15117289e+02  3.06959035e+00  4.29173675e+01 ...  3.22565525e+00
  -4.76400760e+00 -6.05890352e+00]
 [ 4.11343781e+02  6.05741568e+00  4.24280983e+01 ...  1.07897507e+01
   1.14569972e+01  1.71485140e+00]
 ...
 [ 4.15193139e+02  1.06721341e+01  4.95698100e+01 ... -1.00312084e+01
  -9.05181281e+00 -9.37121025e+00]
 [ 4.08516098e+02 -1.24825225e+01  3.08584565e+01 ...  4.33817698e+00
  -1.71411124e+00 -5.29794802e+00]
 [ 3.98190325e+02 -7.20410338e+00  3.63761025e+01 ... -2.41344093e+00
  -4.06307019e+00 -6.08472841e-02]]"
"[[769.78282036  26.5328273  -75.71529125 ...   2.29755961  14.21707894
  -24.600263  ]
 [764.82722888  20.63886794 -79.14169572 ...  -2.39574544   7.133056
  -21.74358729]
 [759.4850734   24.94393049 -65.38049623 ...   1.45104982   3.21456115
  -23.57637835]
 ...
 [680.95484499  57.70234591 -31.98829575 ...   5.93500734   6.29889163
  -34.27529213]
 [675.39717533  73.70218679 -25.6811849  ...  16.19207081  15.59831086
  -20.38742089]
 [657.7593749   72.4191309  -27.71275134 ...  18.42837233  14.66865912
  -19.86153459]]","[[ 4.61818329e+02  2.99088950e+01  4.77908118e+01 ... -1.43361069e+01
  -7.95287865e+00 -1.20085371e+01]
 [ 4.46307657e+02  2.04769291e+01  4.60881763e+01 ... -6.80261820e+00
  -6.90450521e+00 -1.21003532e+01]
 [ 4.50499863e+02  3.33849514e+01  4.35930516e+01 ... -1.86847124e+01
  -9.36664809e+00  2.58350769e+00]
 ...
 [ 4.30601884e+02  1.49277444e+01  2.70949109e+01 ... -4.08932466e-01
   4.24287931e-01 -1.55427248e+01]
 [ 4.41694339e+02  2.55320721e+01  2.89846277e+01 ...  3.42188922e+00
   5.37869192e+00 -1.03814177e+01]
 [ 4.38797079e+02  2.43232573e+01  4.01779190e+01 ... -3.56030188e+00
  -5.96279282e+00 -8.59272089e+00]]","[[ 4.09504518e+02  9.15673106e+00  4.94849681e+01 ...  1.48367968e+00
  -1.02006631e+00 -4.45872511e+00]
 [ 3.98989121e+02 -6.03246508e+00  4.79881440e+01 ...  1.06052631e+01
  -2.82136792e-01 -1.68421636e+01]
 [ 4.06875799e+02  2.02846117e+00  3.43549298e+01 ... -4.46120733e+00
  -7.47085607e+00 -1.13449586e+01]
 ...
 [ 4.53369583e+02  4.01842942e+00  2.98880872e+01 ...  8.31158589e+00
   1.66635485e+01 -7.19564200e-01]
 [ 4.49529811e+02 -4.91257384e+00  2.77709220e+01 ...  6.99916409e+00
  -3.37482300e+00 -1.75200885e+01]
 [ 4.18691174e+02  1.12130702e+01  5.51900931e+01 ...  3.19016122e-01
  -6.78435186e+00 -1.55684072e+01]]"
"[[ 3.97668604e+02 -4.69844030e+00  3.80272536e+01 ... -7.02484803e-01
  -6.32957732e+00 -2.78998294e+00]
 [ 4.02465125e+02  7.06577514e+00  5.24933658e+01 ... -6.33475256e-01
  -5.50581799e+00 -8.94458223e+00]
 [ 4.14779618e+02  1.00347874e+01  4.39099484e+01 ...  1.25134784e+01
   1.70146768e+00 -1.28394485e+01]
 ...
 [ 8.26025099e+02 -2.54091790e+01 -5.59147944e+01 ...  1.78556085e+00
   2.22085685e+01 -2.05136254e+01]
 [ 8.23756426e+02 -3.07752625e+01 -6.72488328e+01 ... -1.93487289e+00
   1.46880221e+01 -2.82883276e+01]
 [ 8.22845700e+02 -3.24771366e+01 -6.80671774e+01 ...  3.17702900e+00
   7.27664742e+00 -2.72633197e+01]]","[[420.93598135   8.75911795  38.99226282 ...   6.11876046   1.11888797
   -3.80995958]
 [423.16361905  11.69140226  37.90975808 ...   2.79964323  -2.4201764
   -4.93907436]
 [417.97978742   5.51093347  36.65135157 ...   5.86803296   1.2730182
   -8.0764992 ]
 ...
 [663.32026206  66.71684561 -10.12224216 ... -16.35969327  17.13006886
   10.58854607]
 [633.69847859  65.03597861   5.21755989 ... -16.98199379  22.78125729
    8.38816163]
 [605.3663409   61.77532266   6.25392132 ... -17.80012363  21.62766736
   -4.27355538]]","[[421.49379043  11.23846548  28.46895692 ...  -0.99822126  -2.91492457
    3.05469735]
 [425.92350703  16.01167164  39.342096   ...  -1.10705283  -3.00845451
    1.8248792 ]
 [418.28048308  18.96490509  48.78123095 ...   9.46020245   8.77794328
    1.62273782]
 ...
 [528.54007782  84.37841476  24.7925431  ...   8.23052581   6.99505167
   10.51352705]
 [505.81498417  75.85341637  17.03182869 ...  19.87043142  12.34747872
   17.39459517]
 [498.30643502  77.62507666  25.11902905 ...   3.31729892  14.20441464
   18.29698779]]"
"[[ 5.46145858e+02  5.65212173e+01  2.73670982e+01 ... -8.37936717e+00
  -5.68629920e+00 -5.86864584e+00]
 [ 5.10328188e+02  7.72805980e+01  3.75197862e+01 ...  3.06412205e+00
   3.38310524e+00 -1.91269983e+01]
 [ 5.03280220e+02  7.30804661e+01  4.49392286e+01 ... -5.05961551e-01
  -5.68784800e+00 -8.52187805e+00]
 ...
 [ 6.76431809e+02  1.88912785e+01  2.58109404e+01 ... -1.29535531e+01
   6.01471530e+00 -1.57269292e+01]
 [ 6.97217015e+02  2.52465602e+00  1.43143708e+01 ... -1.40322696e+01
  -2.70318229e-01 -1.63821083e+01]
 [ 7.05448653e+02 -3.72016441e+00  1.08247087e+01 ... -7.88262744e+00
   8.89520106e+00 -1.03328617e+01]]","[[ 4.15251427e+02 -2.61961879e+00  3.14713884e+01 ...  4.75814334e+00
  -4.96566573e-01 -4.30762867e+00]
 [ 4.16008425e+02  3.66970184e+00  3.67047048e+01 ...  1.10948931e+01
   6.93586021e+00  2.51294561e+00]
 [ 4.18697238e+02  1.63023351e+01  4.73874909e+01 ...  7.65013914e+00
   1.32804751e+01  7.28877608e-02]
 ...
 [ 4.28957705e+02  2.65754967e+01  4.66712966e+01 ...  1.46326662e+00
   2.47097032e+00 -4.76634580e+00]
 [ 4.21501312e+02  1.95386111e+01  5.15436719e+01 ...  1.38490138e+01
  -9.13061091e-01 -1.62885624e+01]
 [ 4.14796719e+02  7.37714309e+00  4.68362365e+01 ...  1.11863702e+01
   1.80575851e+00 -4.42067359e+00]]","[[ 4.99784607e+02  1.84031508e+00  1.51247032e+01 ...  2.14019570e+01
  -4.13790790e-01 -6.22879431e+00]
 [ 4.62884929e+02  2.66714392e+01  1.48792555e+01 ...  1.26274953e+01
   4.95150181e+00 -3.63630962e-01]
 [ 4.66876889e+02  4.07029720e+01  1.60096983e+01 ...  2.25870559e+01
   1.20728787e+01  5.67960592e+00]
 ...
 [ 4.06425229e+02  2.92575797e+00  4.62071655e+01 ...  6.35663425e+00
   1.03353293e+00  4.02279427e+00]
 [ 4.08600650e+02  1.22499842e+01  5.09188067e+01 ... -5.85193712e+00
  -5.77453256e+00 -4.04600198e+00]
 [ 4.12757635e+02  1.21779061e+01  5.17967453e+01 ... -2.03151522e-02
  -2.40566950e+00 -2.06534348e+00]]"
"[[ 1.03393625e+03 -1.31569628e+02 -4.64804450e+01 ... -9.15427151e+00
  -1.22920986e+01 -3.91733738e-01]
 [ 1.01698695e+03 -1.15296673e+02 -4.50537391e+01 ... -1.64727481e+01
  -2.57825817e+01 -1.46905671e+01]
 [ 1.02101872e+03 -1.33488375e+02 -5.22895274e+01 ...  7.35300724e+00
   6.02192717e+00  6.84588625e+00]
 ...
 [ 1.02135288e+03 -1.19113413e+02 -3.44776255e+01 ... -5.72594176e+00
  -4.98582997e+00 -4.53998338e+00]
 [ 1.02563890e+03 -1.18839422e+02 -3.99335205e+01 ...  1.63498410e+00
   5.65296220e+00 -1.95769063e+00]
 [ 1.04165072e+03 -1.19419166e+02 -4.29986089e+01 ... -6.13757691e+00
  -6.66821864e+00 -1.46851143e+01]]","[[ 4.27164835e+02  1.20623620e+01  4.62747279e+01 ...  2.23617760e+00
   4.57159752e+00 -6.68560591e-01]
 [ 4.21339123e+02  1.05951215e+01  3.29889355e+01 ...  3.52082266e+00
  -4.33277293e+00 -8.03494666e+00]
 [ 4.33513142e+02  2.19296740e+01  4.34144429e+01 ...  1.85828616e+00
  -1.33168684e+01 -9.88357919e+00]
 ...
 [ 8.38015678e+02 -2.25973432e+01 -8.78800322e+01 ...  7.54554323e+00
   2.72595753e+01 -2.14379147e+01]
 [ 8.16574123e+02 -1.52122409e+01 -8.39543917e+01 ...  1.06748895e+01
   2.14284001e+01 -2.36003028e+01]
 [ 7.96174914e+02  1.02795755e+00 -6.77616148e+01 ...  9.71250146e+00
   1.72220437e+01 -1.83706049e+01]]","[[429.49245018  -3.32746684  29.69302978 ...  16.24184286   1.8823902
    7.83567045]
 [423.55291524  20.2524119   54.28365519 ...   6.81663729   2.17833548
    3.48415765]
 [421.44857959  27.97026124  60.99971407 ...  18.50087847   4.79100213
    1.28622668]
 ...
 [494.41615358  78.01649965  29.52560872 ...   8.3167131    3.93149406
    6.13505725]
 [481.07488075  77.45807096  40.40871063 ...   4.19927872   4.79168304
   19.23814636]
 [458.47636325  55.8556213   49.01459373 ...  -6.12791305  -0.91347375
    6.84681769]]"
"[[1041.04372783 -125.93922958  -53.79977184 ...   -2.9957626
    -1.38105243   -2.29195697]
 [1029.02432466 -151.92468412  -56.76686761 ...  -21.15174243
    -7.96643697   -7.78751381]
 [1032.50932984 -148.65009969  -37.58216499 ...   -5.2170917
   -11.68502365  -17.31324243]
 ...
 [1041.56173404 -119.41690935  -29.50220833 ...  -18.77477293
    -1.88868518   -1.99512986]
 [1042.41995448 -126.14251756  -29.4487321  ...  -12.55855649
    -2.54430568   -2.08703378]
 [1039.9440659  -116.96982046  -25.67399566 ...   -7.02598731
    -9.40180513   -2.76081299]]","[[416.02621557  -0.99139141  41.4162132  ...   7.7709911   13.0301061
   11.9418105 ]
 [395.4586491   -7.02985633  37.24352531 ...  11.22107265   5.09583918
    6.91362235]
 [404.43350876  13.53810076  51.93771316 ...  15.35195089   3.5548474
    6.08721888]
 ...
 [433.68496738  16.35895558  33.80823454 ...   6.37443916  -1.18250132
   -4.88149442]
 [424.05810724  16.70947585  44.10009148 ...   9.60472015  -4.60938076
  -11.40613893]
 [451.32549051  27.90545499  17.29011495 ...  -3.99617749  -6.18220313
   -8.20434066]]","[[474.21248163  17.11480823  39.38818773 ...  11.6232187    9.62537037
    7.35460483]
 [445.06443439  37.8532287   46.56770647 ...  19.96446287  13.00122071
    3.83759815]
 [438.59046705  28.36935276  41.50927536 ...  20.11098515  10.89682434
   -0.98385907]
 ...
 [428.78484441   6.48106808  37.63507485 ...   5.43665864  -3.43616567
    1.03417823]
 [422.07848089   5.11087857  30.82235562 ...   5.50697648   7.0480196
   -3.70324531]
 [423.95766793  11.72617024  40.52197196 ...   1.99197179  -3.72311667
   -0.92420596]]"
